log_price,popularity_score,price_ratio,category_price_index,specification_density,category_level_1_Electronics,category_level_1_Home&Kitchen,category_level_1_OfficeProducts,category_level_1_Other,is_branded_1
-0.8114022671694724,1.5706436716008298,-0.6875832209275924,-0.3665438964490195,-0.5408829500564035,0.0,0.0,0.0,0.0,1.0
0.20303314420479715,0.6512000400512317,-0.41875347599811047,-0.3538392556516917,-0.31563300446013814,1.0,0.0,0.0,0.0,1.0
-0.458004939355909,-0.05035808773635993,-1.359565928051786,-0.4445118099994631,0.3039586615015449,0.0,1.0,0.0,0.0,1.0
0.3466813741439281,-0.4531814957894468,1.2544261128286704,-0.28214737715763394,0.7642370324769732,0.0,1.0,0.0,0.0,0.0
-0.17749769958458478,-0.23081941341663842,0.6317846598366577,-0.407610802535411,-0.8459089535410882,0.0,1.0,0.0,0.0,1.0
-0.12425482174547947,-0.8404386528766249,-0.5021150467452925,-0.39875456074403853,0.45430158610452703,0.0,1.0,0.0,0.0,1.0
-0.13284891955097974,-0.2971723599879725,0.5687113849457529,-0.4002306010426006,-0.029394076056187733,0.0,1.0,0.0,0.0,0.0
0.061836715922263294,1.7653456258878892,-1.1866852962616419,-0.3841998958819031,2.01068525879784,1.0,0.0,0.0,0.0,1.0
-0.1415511220487335,1.074930096079262,-0.5941531082515786,-0.1180658396601939,0.8523602967544461,0.0,0.0,0.0,0.0,0.0
0.20303314420479715,1.7222192173940012,1.3113739775543758,-0.3538392556516917,-0.14407341030147033,1.0,0.0,0.0,0.0,0.0
-0.2076633926356363,0.30149542772627436,1.9035295656689664,-0.15457690106589883,4.079936938123116,0.0,0.0,0.0,0.0,0.0
0.9076958536865766,-0.7011503855734732,-0.14253770487398257,0.013060682554782781,-1.0083038912475302,0.0,1.0,0.0,0.0,0.0
-0.9238354591072853,-0.1460239701526241,-0.9445231343732904,-0.3893633098275851,-0.6999004566361866,0.0,0.0,0.0,0.0,0.0
-0.2038199606576364,-0.2302150745887714,-0.20048866727400372,-0.4117437153713848,0.04705860513210013,0.0,1.0,0.0,0.0,1.0
0.11821489900452072,1.8861897664620584,-0.011056553979698638,-0.3728146557955739,0.5057734990008587,1.0,0.0,0.0,0.0,1.0
0.682563437899705,-0.46341110200369545,-0.7007175629477134,-0.18938578773804648,-0.4005919863855072,1.0,0.0,0.0,0.0,1.0
2.301637954737697,1.2080127335714979,0.46973562303422683,2.8972793023334487,0.33014025358965676,1.0,0.0,0.0,0.0,1.0
0.08746245946689045,0.05880991192585537,0.9499302341008528,-0.35594939208573806,-1.0874007777094017,0.0,1.0,0.0,0.0,1.0
0.4281655599916687,-1.3639356505755575,-0.34248371950429757,-0.29058792183875126,-0.7505978046576801,1.0,0.0,0.0,0.0,0.0
-0.458004939355909,-2.1028100722415815,-0.6423093931626914,-0.4445118099994631,-0.23380104120731338,0.0,1.0,0.0,0.0,1.0
-0.1961965669707177,1.5035154317894524,-0.3791826419073179,-0.14849172416494805,2.362482656512632,0.0,0.0,0.0,0.0,0.0
-1.2682480375632676,0.6075892850747758,-0.32234287440848863,-0.4400731173355087,-0.2765664513584419,0.0,0.0,0.0,0.0,1.0
-0.22522807035557543,0.38028099499315504,-0.023865278975214753,-0.41499100402822137,-0.589683096736099,0.0,1.0,0.0,0.0,0.0
-1.5714398006357044,-0.5072986859471242,-1.9427051193093123,-0.4679635114648667,-1.0642577798058344,0.0,0.0,0.0,0.0,0.0
-0.6123792132458882,0.8381651815563195,-0.5653767977296783,-0.4676916565149845,-0.9167580992604069,1.0,0.0,0.0,0.0,1.0
-1.5714398006357044,0.3977767008102112,-1.9427051193093123,-0.4679635114648667,-0.6507827005878061,0.0,0.0,0.0,0.0,0.0
-0.15125169620857423,-2.995630114524777,1.1580689688176393,-0.40333028566958096,0.215053189247278,0.0,1.0,0.0,0.0,1.0
-0.8114022671694724,0.40560431467894575,-1.0293695999788406,-0.48034192327757264,-0.8097709535216423,1.0,0.0,0.0,0.0,1.0
-0.859132637940463,1.0300209909015614,0.9994042658633521,-0.3766858579506042,-0.42257941645486946,0.0,0.0,0.0,0.0,0.0
-0.09090783759881291,0.3118669903958496,0.18907117234499543,-0.0876399551554397,-0.2813649516121847,0.0,0.0,0.0,0.0,0.0
-0.17749769958458478,1.8883354567170905,0.15711395325835342,-0.13834976266336332,-0.2069617180372336,0.0,0.0,0.0,0.0,0.0
0.30157122965396516,-1.8280673527992257,0.5765164922921264,-0.29705538417311095,-0.8751520717298437,0.0,1.0,0.0,0.0,0.0
-0.22522807035557543,2.094962895111859,0.7973014386821029,-0.4297408562272203,0.110215003643524,1.0,0.0,0.0,0.0,1.0
-1.0919095069407967,-0.9434422817250994,-1.4860373596440766,-0.41725370395694306,-0.13648730659614292,0.0,0.0,0.0,0.0,0.0
0.20303314420479715,0.060376113293893224,-1.4069445355509436,-0.3538392556516917,-0.6979207657655635,1.0,0.0,0.0,0.0,0.0
-0.49203553618336693,1.3812368772045125,-0.9501377388468993,-0.27729463523507397,0.16516482876826385,0.0,0.0,0.0,0.0,0.0
0.021525354338999422,0.10985839197442085,0.5266994553802472,-0.370709795071359,0.06114194807733391,0.0,1.0,0.0,0.0,1.0
0.8369377117896841,0.11956246545849702,-0.06973976982767129,-0.03860072789489013,1.9399207461696546,0.0,1.0,0.0,0.0,1.0
-0.4719814950501503,1.4200710109943504,-0.5357459987456525,-0.4563064164286553,-0.029394197481042217,1.0,0.0,0.0,0.0,1.0
0.4281655599916687,0.6272998963374321,-1.9844238011862902,-0.29058792183875126,-0.793921023605104,1.0,0.0,0.0,0.0,0.0
0.254302223339333,0.3554325982459673,0.982121420779499,-0.31166818312887556,-0.4407428988571702,0.0,1.0,0.0,0.0,0.0
-0.32043673830151903,-0.6576229403555348,-0.5425891620486817,-0.4411260963135496,0.3058214209468703,1.0,0.0,0.0,0.0,1.0
0.8369377117896841,0.08743212893072981,-0.49329260222867066,-0.03860072789489013,0.16374950969559546,0.0,1.0,0.0,0.0,1.0
1.1752715772020588,0.37049133479661517,1.4092262083819955,2.16894647894716,1.1865678571504426,0.0,0.0,0.0,0.0,0.0
-0.7909530155275523,0.07890017747514307,0.4210858807375426,-0.47270417970199885,2.585283695416282,0.0,1.0,0.0,0.0,0.0
-0.028680210402127117,-0.41837157812367193,0.8653484552572117,-0.3810420771612935,-0.25875241343919675,0.0,1.0,0.0,0.0,0.0
0.682563437899705,0.6618063506825598,0.29994979188714316,-0.13454334730142556,-0.5744919716941403,0.0,1.0,0.0,0.0,0.0
0.9451004211754882,-0.4275968699675997,0.8758976148654845,-0.03758258658698945,-1.0162374961678926,1.0,0.0,0.0,0.0,0.0
0.5669927531617989,-0.18467051650906205,0.8998020017349634,-0.1935849592439089,-0.3983615770217891,0.0,1.0,0.0,0.0,0.0
-0.7047583640504839,1.2205114210566077,-0.8010357201462226,-0.4740167898962786,-0.7100697521356154,1.0,0.0,0.0,0.0,0.0
1.6798613515033338,-1.6785234152762025,0.11332783950348208,0.8720980963107203,1.0607009256691322,1.0,0.0,0.0,0.0,0.0
-0.8114022671694724,-0.8418280654713449,-0.11755886301470912,-0.48034192327757264,-0.518985584221749,1.0,0.0,0.0,0.0,1.0
-0.8842923552117115,1.2982064621809628,-0.5038850448276089,-0.3817568387013966,-0.7174685215559395,0.0,0.0,0.0,0.0,0.0
0.14765832022034447,-0.1455150368538454,-1.023886142983646,-0.36648952241427984,-0.5521171835458534,1.0,0.0,0.0,0.0,1.0
-0.7008163820079764,0.15786025448283864,-0.791902364952918,-0.46635720641818196,0.917559482833744,0.0,1.0,0.0,0.0,0.0
0.021525354338999422,0.30958097227314574,0.28768280799989715,-0.01157524389355435,0.8306916059620725,0.0,0.0,0.0,0.0,0.0
1.2610931815001398,-0.5855733485651679,0.3422778720293782,0.3673103542096828,-0.941177193262063,0.0,1.0,0.0,0.0,0.0
0.3020325941103236,1.5612773673365286,-1.0268117379974082,-0.3285387221265155,0.10511664489535112,1.0,0.0,0.0,0.0,0.0
1.5416004212714647,0.23937603451802159,-0.2339326527738176,0.6202312850675915,0.09961982376525735,1.0,0.0,0.0,0.0,0.0
0.3020325941103236,0.847876990829408,-1.4164650960366099,-0.3285387221265155,-0.07684752829016393,1.0,0.0,0.0,0.0,1.0
-1.4628220988121465,-1.1788708575512388,0.2512180258599326,-0.5034919114531089,1.4871772347146763,1.0,0.0,0.0,0.0,0.0
1.7959982991794998,1.2649353120323656,0.7265623127130492,1.126241955571115,-0.046596067936205805,1.0,0.0,0.0,0.0,1.0
-0.5671901629960939,-1.412352085194071,-0.44940154520399117,-0.45528690417896633,-0.6942510637648059,0.0,1.0,0.0,0.0,1.0
-0.09090783759881291,0.26871151181777997,1.4823030781799569,-0.0876399551554397,0.7223904040415121,0.0,0.0,0.0,0.0,1.0
-0.76459493319541,-1.0220469416017595,0.04238158549909358,-0.3558948368723555,0.4129390744711627,0.0,0.0,0.0,0.0,0.0
-0.8114022671694724,-0.1911375280765455,-1.0293695999788406,-0.3665438964490195,-0.5298117088693453,0.0,0.0,0.0,0.0,0.0
0.020833192223563436,-2.9436619731468254,-0.876637902741232,-0.3708573991012151,-1.2271530232060852,0.0,1.0,0.0,0.0,0.0
0.46191937506841746,1.2529287897185062,-0.8276435178555933,0.4397420429269658,-0.3780184939041836,0.0,0.0,0.0,0.0,0.0
-1.2909325608643802,-0.8884912474420619,1.3816076651749443,-0.4993173234214548,1.4805458711634176,1.0,0.0,0.0,0.0,0.0
-0.7047583640504839,0.9113585062851239,-1.3326469511667192,-0.3411889926950577,-0.008058479183389585,0.0,0.0,0.0,0.0,0.0
-0.392067834228018,-0.5375102783411808,0.1122997991842494,-0.43713160850665267,-0.5842928247574639,0.0,1.0,0.0,0.0,1.0
-1.9248371284492685,0.4318519077047688,-1.0422206064393509,-0.48824743446803615,-0.25359814582057477,0.0,0.0,0.0,0.0,1.0
-1.5996811086443392,-0.3428016334417329,-1.5262680591669653,-0.5061484674732524,-0.683308634867904,1.0,0.0,0.0,0.0,1.0
1.5416004212714647,-0.10688319420914909,0.6464884531242651,0.6202312850675915,0.2298119570519073,1.0,0.0,0.0,0.0,1.0
-0.0716448954387871,-0.41601860457393347,-0.050649139128833766,-0.40772939206031694,3.6189986642229446,1.0,0.0,0.0,0.0,0.0
-0.9347734889573457,0.6285016310006211,2.167304580860155,-0.48654055399124085,-1.0204735452259677,1.0,0.0,0.0,0.0,0.0
-0.22720751656055635,-1.6246618314772114,-0.27353113720256617,-0.4152862120879338,-0.4461152398419597,0.0,1.0,0.0,0.0,1.0
0.6096733498574658,-0.6167447779190767,0.27288817857433945,-0.34118898838071327,-0.7939209926599666,0.0,0.0,0.0,1.0,0.0
0.3578330200624714,0.884645009294006,0.08046267772772854,-0.2783096723813725,0.8306980028848118,0.0,1.0,0.0,0.0,0.0
-0.3771359745150717,-0.10111604923297125,1.1598385425983062,0.03961030881433072,0.14628411273229464,0.0,0.0,1.0,0.0,0.0
1.1876904472864842,-0.9797981520447407,-1.163561146732306,0.2781575201765329,-0.231768812317365,0.0,1.0,0.0,0.0,1.0
-0.6141109187224668,-1.9432958094785548,-1.463189908590115,-0.31634118701617514,-0.7567868466438841,0.0,0.0,0.0,0.0,1.0
-1.105886062635038,-0.5119101074433842,-0.6120173831554593,-0.49349820071066425,-0.14407625338090843,1.0,0.0,0.0,0.0,0.0
-0.8114022671694724,-0.8030438854410249,-1.0293695999788406,-0.3665438964490195,-0.6048744111754362,0.0,0.0,0.0,0.0,0.0
0.021525354338999422,-0.35199272817196325,-1.3094170985191511,-0.391790055939456,-0.6780245923732395,1.0,0.0,0.0,0.0,1.0
-0.5811997843362573,-0.9909663532018039,0.44759316084562567,-0.3064832004366348,-0.679662127042595,0.0,0.0,0.0,0.0,1.0
1.4426009713659376,-0.10453702927356139,1.560713906939552,0.6329976079508578,-0.7222136862824045,0.0,1.0,0.0,0.0,1.0
0.5348094631106572,0.7290123313529815,-0.7985616774589017,-0.252637121550987,-1.009844904601223,1.0,0.0,0.0,0.0,0.0
-0.6968967342611776,-0.9000974569264367,-1.0516659535750317,-0.46606199835846945,-0.4881103100949967,0.0,1.0,0.0,0.0,1.0
-1.6366854354644822,-0.12023202958638811,1.7110932562823926,-0.4286833551685065,3.1051609556995974,0.0,0.0,1.0,0.0,0.0
0.18196097783017962,-0.14840596030442416,0.9885132699094102,-0.33218514327888854,1.8054700253032256,0.0,1.0,0.0,0.0,0.0
0.27810167996261453,-2.601773264173028,-0.1920930787066646,-0.3044355856659214,-0.6314592692026443,0.0,1.0,0.0,0.0,0.0
-1.1803466757028847,-2.5547623619588142,-0.7948675183577601,-0.42942405775884473,-0.31813957711416385,0.0,0.0,0.0,0.0,0.0
-1.6443298886779443,0.7960043798695872,2.167304250747906,-0.5050294622405085,-0.4357371740066557,0.0,1.0,0.0,0.0,0.0
0.20303314420479715,-1.262774120480184,-0.023384785027239667,-0.3538392556516917,-1.102323451053278,1.0,0.0,0.0,0.0,1.0
-0.7539020468077344,0.4911963697947971,-1.2534004645643857,-0.3533593464969594,-0.22644818371242276,0.0,0.0,0.0,0.0,0.0
-0.1583930858327723,-0.20356808880513377,-0.12407225171469499,-0.1277007030866994,1.2308680922012274,0.0,0.0,0.0,0.0,0.0
0.9805859417288163,0.4747432004365775,0.2118349933440352,-0.012282053061813314,-0.9328198378964172,1.0,0.0,0.0,0.0,1.0
-0.23518242880904328,1.1749038327282155,-0.2992765788855664,-0.16877564716811744,-1.561923312559705,0.0,0.0,0.0,0.0,1.0
0.3020325941103236,0.23999724511017637,0.861672038409827,-0.29690778014325475,-0.5974554669001378,0.0,1.0,0.0,0.0,0.0
0.7494674418246375,0.2867541102759549,1.1448479061028427,-0.09557588341938665,-0.029394359380825904,0.0,1.0,0.0,0.0,0.0
-0.720754821841456,-0.22143546965932062,1.0622600306214467,-0.17912558519039162,-0.7939211319130747,0.0,0.0,1.0,0.0,0.0
-1.5714398006357044,1.1788523843596335,-1.4896980321265045,-0.5056424568027489,-0.32322037178916935,1.0,0.0,0.0,0.0,0.0
-1.204342698878609,0.13879722774751302,0.1837781707032277,-0.4324666462093201,-0.34300616831325675,0.0,0.0,0.0,0.0,1.0
-0.8114022671694724,-1.047769200381511,-1.2571321671199462,-0.48034192327757264,-1.049218545748946,1.0,0.0,0.0,0.0,0.0
0.6386238490882972,-2.4723644139672336,1.9772914800512418,-0.15815999207841897,1.60025375223272,0.0,1.0,0.0,0.0,0.0
-0.458004939355909,-1.5018384081334952,0.13744446166327462,-0.4550413897523965,-0.26927323474982723,1.0,0.0,0.0,0.0,0.0
1.8472673783140374,-0.2875812577504325,1.5970052465395939,1.252744623196996,0.21288540258372318,1.0,0.0,0.0,0.0,1.0
-1.0919095069407967,-1.8823243203027333,-1.4860373596440766,-0.41725370395694306,-0.42257986405402054,0.0,0.0,0.0,0.0,0.0
1.6124813282586845,0.01770215811795938,1.1042511325164484,0.9534459567686859,-0.09652339789555449,0.0,1.0,0.0,0.0,1.0
-1.0386666291016906,-1.7098508402357808,-0.4291672479531579,-0.49096814735814664,2.292851314967684,1.0,0.0,0.0,0.0,0.0
1.5416004212714647,0.5851730803918473,1.026681967413065,0.6202312850675915,0.09961963338015925,1.0,0.0,0.0,0.0,1.0
0.14765832022034447,0.5416840136857612,-0.8274792583896476,0.08984437112229285,0.09326267281199037,0.0,0.0,0.0,0.0,1.0
0.021525354338999422,-0.031566982572115786,-0.49503594928950173,-0.391790055939456,2.8411656180178873,1.0,0.0,0.0,0.0,1.0
1.9815876110708,1.0500365659656494,0.5880517646780641,1.632252626074639,0.23447908512246024,1.0,0.0,0.0,0.0,1.0
1.9172804561191557,0.7045149157674673,0.9863946986096276,1.441360100627185,-0.35861618936418055,1.0,0.0,0.0,0.0,1.0
0.2009011980594498,0.930480287019496,0.8965217464785582,0.13852578632989954,0.03315807842866962,0.0,0.0,0.0,0.0,0.0
0.2856989118541463,0.6337337970022339,1.6530304118798906,-0.302073921188222,0.24583537429662486,0.0,1.0,0.0,0.0,0.0
0.11821489900452072,1.7653491481206272,-1.0840121315208837,-0.3728146557955739,2.01068525879784,1.0,0.0,0.0,0.0,1.0
0.29507961119597553,-0.639753337349054,0.3143465175323227,-0.29912184059109787,-0.4802018090758379,0.0,1.0,0.0,0.0,1.0
-0.13284891955097974,-0.2916689149434136,-0.5713311425592301,-0.4002306010426006,-0.2014126216593307,0.0,1.0,0.0,0.0,0.0
0.254302223339333,-0.20033620232817764,1.7255251081401417,-0.31166818312887556,-0.9238907079541532,0.0,1.0,0.0,0.0,0.0
0.5010556480339079,-0.36057105126023176,-0.45445305263816993,-0.26528738831357507,-0.8007615241527262,1.0,0.0,0.0,0.0,0.0
-1.5714398006357044,-1.2562840117775282,-1.9427051193093123,-0.5056424568027489,-0.6507827005878061,1.0,0.0,0.0,0.0,0.0
0.2785789590271948,0.4126538838248753,0.4193695158384172,-0.3042879816360652,-0.16549677472856902,0.0,1.0,0.0,0.0,0.0
0.021525354338999422,0.4264577725907932,1.8447740882611336,-0.370709795071359,-1.1938274958362776,0.0,1.0,0.0,0.0,0.0
-1.3386629316353715,-0.12297809840026125,-0.2739587000804042,-0.44767958846169725,0.38080370816934567,0.0,0.0,0.0,0.0,0.0
1.9815876110708,1.0345051737405235,1.2982898628340438,1.632252626074639,0.5057746221940782,1.0,0.0,0.0,0.0,1.0
0.1590935553933894,0.40560431467894575,0.8784211283833947,-0.3639594690617622,-0.7567868784731674,1.0,0.0,0.0,0.0,1.0
-1.5714398006357044,0.9129277261598537,-1.717325958476382,-0.4679635114648667,-0.22205490754192564,0.0,0.0,0.0,0.0,0.0
-1.4395655903799223,0.11688045081199441,2.1673043831687044,-0.3988557332587716,0.3951619970254573,0.0,0.0,1.0,0.0,0.0
1.1997643309947708,-0.5030799191449994,1.0838034043915947,0.29217990301287267,-0.25359814582057477,0.0,1.0,0.0,0.0,1.0
-1.5714398006357044,0.9129475577399776,-1.717325958476382,-0.4679635114648667,-0.22205490754192564,0.0,0.0,0.0,0.0,0.0
0.8262116678388377,-0.35561381209649295,1.774963208464826,-0.04598092938770061,-1.431507679092457,0.0,1.0,0.0,0.0,0.0
0.9974999294396251,1.2653043300742466,1.3450479086509486,1.559921690776998,0.14969356881575774,0.0,0.0,0.0,0.0,0.0
-0.7027845653459144,-0.2691588622156652,-0.618678481809941,-0.34068189461997844,-0.6003493283362418,0.0,0.0,0.0,0.0,1.0
-0.71271035937911,-0.6260892739489037,-0.8193024305328319,-0.34321738499537463,-0.1731709600602956,0.0,0.0,0.0,0.0,1.0
0.3466813741439281,1.4086767020190072,-0.9355512667912382,-0.31588845536392746,-0.01410364575297135,1.0,0.0,0.0,0.0,0.0
-0.66631425320043,-1.8998376799713985,0.41557596536463265,-0.46370033388077014,0.8696893984608938,0.0,1.0,0.0,0.0,1.0
1.939257273143247,-0.6547580272964578,0.6459672165255957,1.5046114344401251,0.22323224541927086,1.0,0.0,0.0,0.0,0.0
0.5010556480339079,-0.7941219677298231,0.36872706857510706,-0.2231057652151506,-1.0591650818739926,0.0,1.0,0.0,0.0,1.0
-1.0919095069407967,-0.636072416198972,-1.4860373596440766,-0.41725370395694306,0.11021516334147229,0.0,0.0,0.0,0.0,0.0
-0.05136473370323972,1.0130754708290424,-0.34311148563574256,-0.40444032270204405,0.5057744617378443,1.0,0.0,0.0,0.0,1.0
-0.5623466241217823,-0.9095831559031274,-0.4357015124140338,-0.45484409208939774,0.144748167573041,0.0,1.0,0.0,0.0,1.0
-0.05059647601554965,1.1005833596644081,-0.751789053790836,-0.40431382003441824,0.24583545227835446,1.0,0.0,0.0,0.0,0.0
-2.2053443682205924,0.6711543852662415,-1.799748269359175,-0.49838939596962084,0.14628411273229464,0.0,0.0,0.0,0.0,0.0
1.2008973207466864,0.24332291341025256,-0.4870458838165784,0.29350833928157855,-0.3213047995526241,0.0,1.0,0.0,0.0,0.0
-0.8114022671694724,-0.35483562448573636,-0.6875832209275924,-0.3665438964490195,0.17036930753655413,0.0,0.0,0.0,0.0,0.0
0.05725296812031826,-0.5044821692578085,0.2863897249215971,-0.3628867814889799,-1.3328193109753985,0.0,1.0,0.0,0.0,0.0
-1.0919095069407967,-1.6861707179950682,-1.4860373596440766,-0.41725370395694306,0.09601849411762961,0.0,0.0,0.0,0.0,0.0
0.3020325941103236,-2.2851845184523527,-0.684727601973491,-0.3285387221265155,0.7992543501595316,1.0,0.0,0.0,0.0,0.0
1.9172804561191557,1.051176696252729,0.9718969339191134,1.441360100627185,1.1681196526400042,1.0,0.0,0.0,0.0,1.0
-0.5688122410584753,-0.20433162014177028,-0.4539682228006434,-0.2949753546977531,-0.48020143817587213,0.0,0.0,0.0,1.0,0.0
0.4281655599916687,-1.3639356505755575,-0.34248371950429757,-0.29058792183875126,-0.7505978046576801,1.0,0.0,0.0,0.0,0.0
1.8472673783140374,1.2080127335714979,0.1598956414799389,1.252744623196996,0.3297204226022633,1.0,0.0,0.0,0.0,1.0
0.3466813741439281,-0.34229600434058916,1.2544261128286704,0.29268360115398734,-1.3625383621703762,0.0,0.0,0.0,0.0,0.0
0.2291425060680845,-0.8931010113219883,0.9318357759973521,-0.319048384621686,-0.5729727253659007,0.0,1.0,0.0,0.0,1.0
-0.059094601569155664,1.3110419247858218,-0.7725195488117277,-0.06735603215227026,0.6767868317512139,0.0,0.0,0.0,0.0,0.0
-0.66631425320043,1.4036352098559213,0.010077972813181697,-0.47148673654376094,-0.518985584221749,1.0,0.0,0.0,0.0,1.0
-0.33187197347456393,0.7004738008362147,0.3655013140419949,-0.4297514070138423,-0.7567869739610079,0.0,1.0,0.0,0.0,0.0
1.7959982991794998,0.7800899348248908,0.8999813088993236,1.126241955571115,0.32650626568927493,1.0,0.0,0.0,0.0,1.0
-0.5786253981691388,-1.401415026335116,-0.4813682883805574,-0.45632013238795976,0.24583517934232096,0.0,1.0,0.0,0.0,1.0
1.9176822723861426,0.7866404468085051,1.326871666142341,1.4424986246358176,-0.28242784525139636,1.0,0.0,0.0,0.0,0.0
-0.45938995678881567,-1.743303735308914,-0.5015301667953659,-0.44465941402931924,-0.28534438438387355,0.0,1.0,0.0,0.0,0.0
0.3886224560960949,1.2956298336664747,0.032699750638527106,-0.2673869741720131,-0.7479141361697057,0.0,1.0,0.0,0.0,0.0
-0.28938850342980177,-2.4917096834295926,-0.4561373120239716,-0.43758402162002485,0.04813539280490294,1.0,0.0,0.0,0.0,1.0
0.5348094631106572,0.7290123313529815,-0.7985616774589017,-0.252637121550987,-1.009844904601223,1.0,0.0,0.0,0.0,0.0
-0.8114022671694724,0.8259690373839802,-1.0293695999788406,-0.3665438964490195,-0.3279924010696083,0.0,0.0,0.0,0.0,1.0
0.560674755126054,0.3764119573786613,0.09102519829001476,-0.2425169081409165,-0.21627856338932286,1.0,0.0,0.0,0.0,0.0
-0.9952199622752753,0.5866739908976276,-0.6389685654735728,-0.48919711001138433,-1.0302296180940413,1.0,0.0,0.0,0.0,1.0
0.44712060807936593,0.33345691327970894,1.6316105687928448,-0.24524636969358185,-0.8666312970354914,0.0,1.0,0.0,0.0,0.0
-1.173969003965992,0.6697277072811216,-0.7799652323387727,-0.42859748789646557,-0.9148229864541626,0.0,0.0,0.0,0.0,1.0
1.1344065413382065,0.00724000735207501,-1.258203664721565,0.21911590823404967,0.2303425466576101,0.0,1.0,0.0,0.0,0.0
-0.7517831600773263,0.5002986378949944,-0.5334192728601739,-0.4769263512516738,-1.8083177570528166,1.0,0.0,0.0,0.0,0.0
0.5007096535397393,0.9662426018760902,-1.4832052714449515,-0.26541389098120094,-1.0845877971050115,1.0,0.0,0.0,0.0,0.0
0.31119585359060065,0.799561001311771,1.2544020760951782,0.25211575514764833,-0.5887058981684186,0.0,0.0,0.0,0.0,0.0
0.3318218368663001,0.5156235172546451,-0.014111424457676918,0.27544226660129323,-0.7994516272983277,0.0,0.0,0.0,0.0,1.0
-1.0073573959914144,0.10140058427926013,2.1673045605841086,-0.29445905657469973,1.8054665052981569,0.0,0.0,1.0,0.0,0.0
1.5020573173758915,-1.3053948467148295,0.8365781687248242,0.5569799512546509,-0.14407354568639297,1.0,0.0,0.0,0.0,0.0
0.3001852873340068,0.489561495427725,1.023918539510758,0.23994540134574674,-0.3390275345383216,0.0,0.0,0.0,0.0,1.0
-1.3386629316353715,0.4318519077047688,0.15191427504467545,-0.44767958846169725,-0.4407428988571702,0.0,0.0,0.0,0.0,0.0
-0.12425482174547947,-0.6836796020106716,-0.005972708450935824,-0.39875456074403853,-0.6549161198322913,0.0,1.0,0.0,0.0,0.0
-0.8114022671694724,0.7589792480812705,-1.6768740059712115,-0.48034192327757264,0.2797405305319615,1.0,0.0,0.0,0.0,0.0
1.0620701275765563,-2.2851845184523527,0.17113169143708984,0.05096928075112722,-0.6992412103679005,1.0,0.0,0.0,0.0,0.0
-0.2764971494901113,-2.149820974455795,0.5689675588494849,-0.42237120552103186,0.6218187345026077,0.0,1.0,0.0,0.0,0.0
-0.392067834228018,1.0012306268313471,0.12237861717566693,-0.2397693776792105,-0.25238116584023806,0.0,0.0,0.0,0.0,1.0
1.2008973207466864,-0.6923376451343967,-0.21332375153492988,0.29350833928157855,-0.46144098586927695,0.0,1.0,0.0,0.0,0.0
-1.0748267630450625,-1.204315870399576,-0.8410989872438152,-0.49235967670203135,-0.6985305550219073,1.0,0.0,0.0,0.0,0.0
0.3020325941103236,0.8478543624938165,-1.4164650960366099,-0.3285387221265155,-0.07684752829016393,1.0,0.0,0.0,0.0,1.0
-1.3386629316353715,-0.5375102783411808,-1.7600380154432183,-0.44767958846169725,1.1873223901112668,0.0,0.0,0.0,0.0,0.0
-1.2909325608643802,0.3367206680869798,-1.0325726941207518,-0.44260860771090493,0.19996369467754496,0.0,0.0,0.0,0.0,0.0
-0.013960166214328612,0.6134837196207487,-0.22900165717399873,-0.03693014764751613,0.5764102993268283,0.0,0.0,0.0,0.0,1.0
1.7959982991794998,0.7800899348248908,0.8999813088993236,1.126241955571115,0.32650626568927493,1.0,0.0,0.0,0.0,1.0
-0.33187197347456393,0.09498670384651642,-1.0277704564062053,-0.2144144739252487,-0.7387215641773196,0.0,0.0,0.0,0.0,1.0
0.7815628878052314,0.8266545707048586,-1.026492293035103,-0.13878472068769415,-1.085232125005515,1.0,0.0,0.0,0.0,0.0
1.7959982991794998,1.2649353120323656,0.8999813088993236,1.126241955571115,-0.046596067936205805,1.0,0.0,0.0,0.0,1.0
-0.7887177438683591,0.38999464995541494,1.0945310590326844,-0.36147291569822715,-0.26592006541180546,0.0,0.0,0.0,0.0,0.0
-0.3553256085576928,-0.05668989670277652,0.028553637466800393,-0.22455643542683343,-0.6314590440515798,0.0,0.0,0.0,0.0,1.0
-1.9248371284492685,0.4318519077047688,-1.0422206064393509,-0.48824743446803615,-0.25359814582057477,0.0,0.0,0.0,0.0,1.0
-0.5835846737190313,1.0058023681540404,0.77353792156219,-0.46554111116534463,-0.25875241343919675,1.0,0.0,0.0,0.0,0.0
-0.26488745561568344,-1.8490595057447377,0.34246035257135227,-0.42074756119261353,-1.313799829080346,0.0,1.0,0.0,0.0,0.0
-0.17749769958458478,1.0339003218511262,0.3497890477234593,-0.407610802535411,-0.5189854328149123,0.0,1.0,0.0,0.0,0.0
0.3024936510928463,0.9347677933037865,2.1673047329305137,-0.32841221945888965,-0.008956310624689899,1.0,0.0,0.0,0.0,0.0
-0.33187197347456393,-0.9425881842909543,0.8239269384117812,-0.2144144739252487,-0.36561227343796837,0.0,0.0,0.0,0.0,0.0
-0.44702350280633113,0.36153563509161474,-0.48007918153764056,-0.26106749683253844,0.19996369467754496,0.0,0.0,0.0,0.0,0.0
-1.1647995949830356,-0.49785670254489656,-0.3481449426843827,-0.42739566545852786,-0.8867564682185206,0.0,0.0,0.0,0.0,0.0
-0.17749769958458478,1.374102389222731,-0.030085724609774944,-0.407610802535411,-0.8730329815509396,0.0,1.0,0.0,0.0,0.0
1.2494657485270901,0.035640176568751694,1.4470057247434185,2.473205323994702,-0.048640931121707615,0.0,0.0,0.0,0.0,0.0
-1.6366854354644822,0.31700531301446605,-0.048577839305096834,-0.4286833551685065,1.346752615805171,0.0,0.0,1.0,0.0,1.0
-0.48480646333463234,0.1879946125504354,1.2548825095719451,-0.040924270341953464,-0.7334701377188685,0.0,0.0,1.0,0.0,0.0
0.655429921923887,-0.10516158288024043,1.4066993880940704,-0.2020360545006346,-0.7617503268756879,1.0,0.0,0.0,0.0,0.0
-0.859132637940463,0.5088761716604038,0.15595318469420613,-0.48287197663009024,-0.15809863865695972,1.0,0.0,0.0,0.0,1.0
-1.3386629316353715,0.11886852744537017,-1.1239977617219026,-0.5005823500977136,-1.0370899288575512,1.0,0.0,0.0,0.0,1.0
-1.1458445468953384,0.11886852744537017,-0.5294097594779574,-0.4910070794041687,0.47720991566396365,0.0,1.0,0.0,0.0,0.0
0.007548798644758132,0.6717691773394387,0.8068472770785742,-0.37366187566848313,-0.5378233148366268,0.0,1.0,0.0,0.0,1.0
-0.6478647337992162,-0.1146260461766854,-0.6640353922466519,-0.4622242935822081,-0.5173900218045794,0.0,1.0,0.0,0.0,1.0
0.4281655599916687,0.6272998963374321,-1.9844238011862902,-0.29058792183875126,-0.793921023605104,1.0,0.0,0.0,0.0,0.0
-1.6366854354644822,0.22774022405272368,1.7110932562823926,-0.4286833551685065,0.26946635995562507,0.0,0.0,1.0,0.0,0.0
1.3164680054845925,0.3414814136070075,0.8999108923863274,0.3039746160028891,0.3341165367126703,1.0,0.0,0.0,0.0,1.0
-0.7047583640504839,-1.000470330185017,-0.8010357201462226,-0.4740167898962786,-0.3279924010696083,1.0,0.0,0.0,0.0,0.0
-1.4115530196776105,0.3567817604932704,0.7733262370053591,-0.3938844629404825,2.292851314967684,0.0,0.0,1.0,0.0,0.0
-0.518704122049839,-0.3637278053631384,0.21456136405952475,-0.4507111792534238,2.405327020505272,0.0,1.0,0.0,0.0,0.0
1.768864783203683,-1.2296158336526999,0.4814523065314974,1.3267365482750368,-0.8751521986532317,0.0,1.0,0.0,0.0,0.0
-1.3936137365076608,-2.0437191912769337,-1.3285685925961734,-0.4531004668842943,-0.05123790729755087,0.0,0.0,0.0,0.0,0.0
-0.22522807035557543,0.6731577257856054,0.7973014386821029,-0.16370466641732512,-0.3111769317678761,0.0,0.0,0.0,0.0,0.0
-0.458004939355909,0.26915059891945203,0.45437194994217583,-0.4550413897523965,1.2484575156639777,1.0,0.0,0.0,0.0,0.0
0.021525354338999422,-1.3500963138132915,-0.6419028028283862,-0.370709795071359,0.08722862277018652,0.0,1.0,0.0,0.0,0.0
-0.458004939355909,-1.7609213632677834,-1.359565928051786,-0.4445118099994631,0.4329917708855577,0.0,1.0,0.0,0.0,1.0
0.14765832022034447,0.604226222243259,0.8323153410592967,-0.34118898910011725,0.03315793195658981,0.0,1.0,0.0,0.0,0.0
1.3477847736495636,0.47853756653166757,0.3027898449818364,0.48554118212450553,-0.9795919703014669,0.0,1.0,0.0,0.0,1.0
-0.8114022671694724,-0.1701996247208378,1.0239184709649003,-0.3665438964490195,-0.5129057652642629,0.0,0.0,0.0,0.0,0.0
-0.458004939355909,0.9189788732642091,-0.3252667916496007,-0.26512428143317235,0.8880378568526599,0.0,0.0,0.0,0.0,1.0
1.9176822723861426,0.7866404468085051,1.326871666142341,1.4424986246358176,-0.28242784525139636,1.0,0.0,0.0,0.0,0.0
1.5020573173758915,-1.8178970719708327,-0.04347927198656108,0.7363204288502037,-0.7131945840653633,0.0,1.0,0.0,0.0,1.0
1.6409584976031115,1.1642608527167895,-0.9136883639500617,4.750075681100471,-0.18385980803525656,0.0,0.0,0.0,0.0,0.0
-0.33187197347456393,0.9428034518075497,2.167304687182469,-0.2144144739252487,-0.2700892153450255,0.0,0.0,0.0,0.0,0.0
-1.0322903998486506,0.31200113267162116,1.7823163200295025,-0.4081259386055169,0.07254271084403724,0.0,0.0,0.0,0.0,0.0
-0.013960166214328612,0.303136830721813,2.0456484254088627,-0.3780899965641693,-0.46899742905635583,0.0,1.0,0.0,0.0,0.0
0.021525354338999422,0.5573043112298357,0.45544322029519085,-0.01157524389355435,-0.25238116584023806,0.0,0.0,0.0,0.0,0.0
-0.2764971494901113,-3.2855506821206237,0.5689675588494849,-0.42237120552103186,-0.756786821180456,0.0,1.0,0.0,0.0,1.0
0.4281655599916687,-0.36956818855646806,0.09298937323798465,-0.25262657118639226,1.8054578406973694,0.0,1.0,0.0,0.0,1.0
-1.5714398006357044,-1.1379089772313686,2.1673043025253436,-0.419735068595586,2.8777187077468707,0.0,0.0,1.0,0.0,1.0
0.8369377117896841,-0.20662933149398668,-0.04168689659108001,-0.03860072789489013,-1.0157120964658788,0.0,1.0,0.0,0.0,0.0
1.1067189076101613,-0.01165265828816058,1.3832042355372187,0.19018551838223272,0.018388689332608534,0.0,1.0,0.0,0.0,0.0
1.3164680054845925,-0.16241796085324128,0.9013760250556327,0.44111236913778695,0.8306984598089355,0.0,1.0,0.0,0.0,0.0
-0.5308950273981481,-0.09358080803013544,1.0248729120838795,-0.29047918518713406,0.5057746221940782,0.0,0.0,0.0,0.0,0.0
0.9805859417288163,0.8470843807520951,1.8156830959662558,1.5097189813441534,-0.6950311984031697,0.0,0.0,0.0,0.0,0.0
-1.0581556918640471,1.6357902285087744,-1.0228908374817158,-0.41218272320615074,0.7137257247591132,0.0,0.0,0.0,0.0,1.0
1.7959982991794998,1.2649353120323656,0.7265623127130492,1.126241955571115,-0.046596067936205805,1.0,0.0,0.0,0.0,1.0
-0.013960166214328612,0.6134837196207487,-0.22900165717399873,-0.03693014764751613,0.6266765704684301,0.0,0.0,0.0,0.0,1.0
0.5010556480339079,1.3783584040076697,0.646094028055662,-0.26528738831357507,1.1556222886488468,1.0,0.0,0.0,0.0,1.0
1.8468224964588256,-3.0537255538902603,-0.18636563479024434,1.251606099188363,0.00865614003397966,1.0,0.0,0.0,0.0,1.0
-0.9657765410594515,-0.19318765481216557,-0.8349428180158935,-0.4879320833351255,-0.1440731952783187,1.0,0.0,0.0,0.0,0.0
-0.392067834228018,0.9857863711184583,-1.0025889108217705,-0.2397693776792105,4.924736305526216,0.0,0.0,0.0,0.0,0.0
2.6995543349268907,0.2952910547882045,0.6931445061841975,5.552696798468314,-0.2049963475672259,1.0,0.0,0.0,0.0,1.0
-0.458004939355909,1.030099190052731,2.1673046719195197,-0.4550413897523965,3.755008830746893,1.0,0.0,0.0,0.0,1.0
-0.22522807035557543,0.22646569842115213,0.06009413718408416,-0.4297408562272203,-0.08550310366942239,1.0,0.0,0.0,0.0,1.0
0.3238238752257955,-1.0509479942730497,0.04726495364112426,-0.28982278671015677,0.03315786750888018,0.0,1.0,0.0,0.0,1.0
-0.8396435751781065,0.35818831359253506,0.22909323877512647,-0.3726290733499703,-0.4422385976462192,0.0,0.0,0.0,0.0,0.0
-0.33187197347456393,-0.6306020331954152,-1.7114592493810725,-0.2144144739252487,0.6586800186606662,0.0,0.0,0.0,0.0,0.0
0.20303314420479715,1.7222192173940012,1.3113739775543758,-0.3538392556516917,-0.14407341030147033,1.0,0.0,0.0,0.0,0.0
0.5010556480339079,0.7488225154144701,-1.2534219952369197,-0.26528738831357507,-0.6217758972824409,1.0,0.0,0.0,0.0,1.0
-0.29156061189130006,0.07739179359327047,2.1673046915003207,-0.4244376619390188,0.24583517934232096,0.0,1.0,0.0,0.0,0.0
-0.5464421081179971,0.0469021442257498,0.2473662090329824,-0.46263154980994936,-0.16549666878791128,1.0,0.0,0.0,0.0,0.0
-0.458004939355909,-0.07295760474534024,-1.255990113329693,-0.4550413897523965,-0.7289362324900509,1.0,0.0,0.0,0.0,1.0
-0.859132637940463,0.12878769808885376,-1.4149532765441444,-0.48287197663009024,-0.5294480405507368,1.0,0.0,0.0,0.0,0.0
-0.7027845653459144,-0.2693767730409338,-0.618678481809941,-0.34068189461997844,-0.6003493283362418,0.0,0.0,0.0,0.0,1.0
-0.66631425320043,1.0467968504625589,-1.3426693667146288,-0.47148673654376094,0.17600101918440783,1.0,0.0,0.0,0.0,1.0
0.3020325941103236,0.8665054823095083,-1.5398737938807492,-0.3285387221265155,-0.5521171237978058,1.0,0.0,0.0,0.0,0.0
2.127774618085361,0.9314935936023531,1.1534647757962477,2.1382632965781627,-0.38182246189707025,1.0,0.0,0.0,0.0,1.0
1.460029753021378,-1.6939384556174675,0.6460941624392066,0.49360211477408455,1.561776715082556,1.0,0.0,0.0,0.0,0.0
-0.05599228257371536,-1.7745602362414856,1.4777841529674207,-0.40519933870779934,0.11110277594133512,1.0,0.0,0.0,0.0,0.0
-1.0919095069407967,-1.241986165900235,0.20651201056076315,-0.41725370395694306,0.8696893984608938,0.0,0.0,0.0,0.0,0.0
-1.7258140745256842,-0.3428016334417329,-1.672548167328806,-0.5081725101552664,-0.7939210826821813,1.0,0.0,0.0,0.0,1.0
0.14765832022034447,0.07846968113974374,0.8418630378739171,-0.34118898910011725,1.1231296888105042,0.0,1.0,0.0,0.0,0.0
2.301637954737697,-0.14925946656510664,0.846658939918655,13.172974708166581,0.5741795221514384,0.0,0.0,0.0,0.0,1.0
-0.8114022671694724,1.5706436716008298,-0.44334531591664655,-0.3665438964490195,-0.8058448850899274,0.0,0.0,0.0,0.0,1.0
-1.2682480375632676,0.7225199343804652,-0.6339914871946498,-0.4400731173355087,-0.12355169739808143,0.0,0.0,0.0,0.0,1.0
-0.3796023442455546,0.7346239117555852,0.1301640996420692,-0.4356555682080906,0.18085033768356862,0.0,1.0,0.0,0.0,0.0
0.3466813741439281,1.0095827647182334,-0.5706463078170934,-0.31588845536392746,-0.42257937104624627,1.0,0.0,0.0,0.0,0.0
0.8242631940770228,-0.5492863290109284,1.0743556443367885,-0.04730936565640648,0.2823893399873539,0.0,1.0,0.0,0.0,1.0
1.0275548960696148,-0.30320454700949423,0.8622137980286136,0.11357902688686063,-0.270666996851735,0.0,1.0,0.0,0.0,1.0
2.301637954737697,-0.46860658013871437,0.46973562303422683,2.8972793023334487,-0.44466353697089694,1.0,0.0,0.0,0.0,0.0
0.3020325941103236,1.5612773673365286,-1.0268117379974082,-0.3285387221265155,0.587005657281743,1.0,0.0,0.0,0.0,0.0
0.655429921923887,0.326343045906659,-0.11420702593570922,-0.2020360545006346,-0.34775681939460534,1.0,0.0,0.0,0.0,0.0
-0.9952199622752753,1.0121356858330515,1.09925191227049,-0.402040761704566,0.4129389252714413,0.0,0.0,0.0,0.0,1.0
0.2291425060680845,0.2955684682628806,0.4051426900739421,0.16590908238417826,0.12482921222610228,0.0,0.0,0.0,0.0,0.0
-0.9458872376283269,-1.6280752786295851,-0.5243407370161023,-0.48704656466174434,-0.33463005326495215,1.0,0.0,0.0,0.0,1.0
-0.9922185867361561,-0.46276549831862746,-1.3444703541478533,-0.4015336636294868,-0.33902760764620027,0.0,0.0,0.0,0.0,1.0
0.5010556480339079,-0.5227193306327003,-0.48492980360167015,-0.2231057652151506,0.24583459447960834,0.0,1.0,0.0,0.0,0.0
-0.13284891955097974,0.17990922369834542,-0.3106857668598518,-0.11299485890940163,-0.14407462876510152,0.0,0.0,0.0,0.0,1.0
-0.7047583640504839,0.8259690373839802,-0.11701406416727343,-0.3411889926950577,-1.043862604157963,0.0,0.0,0.0,0.0,1.0
-0.43087142338009043,1.006377021284768,-0.6409279990429431,-0.2549823199315876,-0.11875450943053302,0.0,0.0,0.0,0.0,0.0
-0.5308950273981481,0.44860510419508515,-0.3443679604809866,-0.29047918518713406,0.08528488126613486,0.0,0.0,0.0,0.0,0.0
0.7086727997629924,0.9379450027236242,0.06782129245404511,-0.11978294431580473,-0.785848387320142,0.0,1.0,0.0,0.0,1.0
-0.13284891955097974,0.388216582387242,-0.5713311425592301,-0.11299485890940163,0.42192332458574516,0.0,0.0,0.0,0.0,0.0
-0.5308950273981481,1.4204042700735333,0.16567854556653797,-0.4613665231336905,-1.1023235350611789,1.0,0.0,0.0,0.0,0.0
1.894997749085028,1.0800301133210473,1.0267199912145961,1.379247290822877,0.2961464445430331,1.0,0.0,0.0,0.0,0.0
1.518146786188336,-0.09910565771028831,-0.046394859959068654,0.7658412348214453,-1.201897281142573,0.0,1.0,0.0,0.0,0.0
-0.2764971494901113,0.9008623343516904,-0.9136606279444617,-0.18905957017128694,0.5183930962561867,0.0,0.0,0.0,0.0,0.0
0.20303314420479715,1.1486222262745154,2.1673047282244107,-0.32642858611449643,1.0743912369514648,0.0,1.0,0.0,0.0,0.0
0.23931645378753483,-1.401415026335116,-0.31226872559273305,-0.34498406891788,-0.8142287663862383,1.0,0.0,0.0,0.0,0.0
-1.5714398006357044,-0.2298125930119935,-1.4896980321265045,-0.5056424568027489,-0.38644881729334724,1.0,0.0,0.0,0.0,0.0
0.254302223339333,0.4303770291966982,0.004589744356236936,-0.31166818312887556,-0.728936384121205,0.0,1.0,0.0,0.0,0.0
0.3886224560960949,0.40460483886588444,1.4826457697521582,-0.2673869741720131,0.7420824282595015,0.0,1.0,0.0,0.0,0.0
0.11821489900452072,1.6992710688937822,0.6904589355341002,0.06448946736833107,-1.2324686986963,0.0,0.0,0.0,0.0,0.0
0.3020325941103236,0.9770699592407401,-1.634876839391041,-0.3285387221265155,-0.6950311223930842,1.0,0.0,0.0,0.0,1.0
0.5010556480339079,1.0095827647182334,-0.11432113119150154,-0.26528738831357507,-0.3390274979843803,1.0,0.0,0.0,0.0,0.0
1.1349602156187961,-1.697868684738562,-1.4825300021889312,0.21970632435347434,-0.32130432962141725,0.0,1.0,0.0,0.0,1.0
0.6271886139152529,-1.0715705397490582,-0.010382632636065946,-0.16406415327266724,3.755008830746893,0.0,1.0,0.0,0.0,0.0
0.021525354338999422,-1.2562840117775282,-0.057601672974965365,-0.370709795071359,-0.404012370781695,0.0,1.0,0.0,0.0,0.0
0.25922620125526497,-0.7897208065787292,1.52710612935722,-0.3101921428303135,-1.2089499668444141,0.0,1.0,0.0,0.0,0.0
0.3466813741439281,-0.8646080396064985,-0.3046012123552028,-0.31588845536392746,-0.7439327342831319,1.0,0.0,0.0,0.0,1.0
0.38699273572719195,0.6396363730485882,2.167304736429478,-0.2679773902914379,-0.194710629835552,0.0,1.0,0.0,0.0,0.0
0.08746245946689045,0.8617764262729322,0.24540439568787684,0.03913456361436929,0.17600101918440783,0.0,0.0,0.0,0.0,0.0
0.25479620120870994,0.8053911961476371,0.17539714868626569,-0.3115205790990193,0.24583542999786057,0.0,1.0,0.0,0.0,0.0
-1.2909325608643802,0.503037858994569,2.1673044571626625,-0.44260860771090493,-0.25002657400255723,0.0,0.0,0.0,0.0,0.0
0.2009011980594498,0.5686733476873245,1.1966428341243076,0.13852578632989954,-0.5862376645136669,0.0,0.0,0.0,0.0,0.0
1.9176822723861426,0.7866660650672678,0.9724092759572913,1.4424986246358176,-0.8403388111176314,1.0,0.0,0.0,0.0,1.0
1.9815876110708,0.8595274015097056,0.7073708560362288,1.632252626074639,1.227827807777479,1.0,0.0,0.0,0.0,1.0
-0.9375352330508174,-0.5785885592366703,-0.5015301825726661,-0.3918988002029813,0.06783381770496107,0.0,0.0,0.0,0.0,0.0
0.9288909986370527,-1.1802505539612533,1.3715995277480386,0.029592333898678047,-1.1071008038731316,0.0,1.0,0.0,0.0,0.0
0.5281891640097264,-1.2948249891370596,0.6657387050605006,-0.21129744282665394,-1.2494845478383378,0.0,1.0,0.0,0.0,0.0
1.2609778692277387,1.011226605003092,1.0260640989342364,0.24059677952232275,0.11937866699249859,1.0,0.0,0.0,0.0,1.0
-0.5308950273981481,-0.3055444050264063,-0.3443679604809866,-0.29047918518713406,-0.25359814582057477,0.0,0.0,0.0,0.0,1.0
-1.5645560027783336,0.44539179546906293,-1.4805555253663898,-0.4674564133897875,4.92472694774073,0.0,0.0,0.0,0.0,0.0
-0.9922185867361561,0.43447469993697513,2.1673045649919445,-0.4842172940307832,-0.3514716558540301,0.0,1.0,0.0,0.0,0.0
0.0011660329287086952,-1.0520121611259097,-0.18107552922006634,-0.026281088070852197,0.03315777083732468,0.0,0.0,0.0,0.0,0.0
-0.33187197347456393,1.3319592353235896,-1.3012870109282861,-0.44239112298980837,-0.684308214430402,1.0,0.0,0.0,0.0,0.0
0.7815628878052314,-1.5917669015597011,-0.6824444033704979,-0.13878472068769415,-0.12417980012031933,1.0,0.0,0.0,0.0,1.0
0.021525354338999422,-1.140451462989654,0.6435596808715047,-0.370709795071359,-1.0123573270529136,0.0,1.0,0.0,0.0,0.0
0.8369377117896841,1.183789843511413,-0.04019166589938897,-0.03860072789489013,-1.043862536866029,0.0,1.0,0.0,0.0,1.0
0.3466813741439281,-0.3817342487491827,0.41197156103975374,-0.31588845536392746,-0.9468265756143104,1.0,0.0,0.0,0.0,0.0
-0.8998394359315605,-1.0649645328137518,-0.6783038171761946,-0.384799427151872,-1.3526137902601294,0.0,0.0,0.0,0.0,1.0
-0.458004939355909,0.16432579915967285,-0.4977284076897784,-0.26512428143317235,-0.2940380534803084,0.0,0.0,0.0,0.0,1.0
0.7815628878052314,-1.5207595665250369,1.410971474601227,-0.07550173535894215,-0.42257948427293834,0.0,1.0,0.0,0.0,0.0
0.682563437899705,-0.8869641838539751,0.20539695022554744,-0.13454334730142556,-0.5939678650354634,0.0,1.0,0.0,0.0,0.0
-1.8382472664634966,-0.5543095881613375,1.6806790503761548,-0.4515511986326365,-0.8623262144949648,0.0,0.0,1.0,0.0,0.0
-0.013960166214328612,-0.9661843767827383,-0.5116207787203139,-0.3780899965641693,-0.6612989944255497,0.0,1.0,0.0,0.0,0.0
0.021525354338999422,0.22213969670523925,-0.8226955294094059,-0.391790055939456,-1.0675413197301649,1.0,0.0,0.0,0.0,0.0
-1.0919095069407967,-0.09879709270493417,-1.5687278813424173,-0.49299219004016076,-0.34363274779001735,1.0,0.0,0.0,0.0,0.0
0.21881670278600496,0.7960797855534759,-0.3041008733747491,-0.3500441756229153,-0.5939679291230178,1.0,0.0,0.0,0.0,1.0
-0.6460465567299153,-0.3034380339463854,1.9391991067583305,-0.4700952071998763,0.1887753877654781,1.0,0.0,0.0,0.0,0.0
1.5783492734998672,0.4866991261862484,0.3127881093250693,0.682344094871899,0.6711905328794747,1.0,0.0,0.0,0.0,1.0
-1.1421150716819226,-2.4723644139672336,-0.7034424507566097,-0.4947632273869231,3.3651022718745747,1.0,0.0,0.0,0.0,1.0
0.021525354338999422,0.30951357579220895,-0.11032057184761826,-0.01157524389355435,-0.010542746702376905,0.0,0.0,0.0,0.0,1.0
-0.8114022671694724,-0.3020387673484606,-0.6875832209275924,-0.3665438964490195,0.021845395634840576,0.0,0.0,0.0,0.0,1.0
0.5977451926994292,0.17355725567094749,-0.9963671221895497,-0.2273365880258108,-0.35639961850380986,1.0,0.0,0.0,0.0,0.0
2.058207502512324,0.2630415877479382,-0.28125442780033033,1.8841194373177679,-0.025198505772121783,1.0,0.0,0.0,0.0,0.0
-0.2690866550129574,0.9330001404424797,-0.3983120233305264,-0.1855098836457322,-0.7883429134522821,0.0,0.0,0.0,0.0,1.0
0.14765832022034447,-0.15857268794465146,0.4103071415201159,-0.34118898910011725,-0.7247883366737501,0.0,1.0,0.0,0.0,0.0
-0.458004939355909,-0.17485625690010617,-0.6423093931626914,-0.26512428143317235,-0.783884740234947,0.0,0.0,0.0,0.0,1.0
-1.2462837808307758,-0.6771597969809063,1.6350582602456043,-0.49805229674519597,-0.5842930681967428,1.0,0.0,0.0,0.0,0.0
2.440465147907827,0.3082312898193501,0.877984504771135,3.6562953080887337,0.7725997382558241,1.0,0.0,0.0,0.0,0.0
-0.392067834228018,-0.5176455342178796,-1.1418802848679492,-0.2397693776792105,0.27544893844308166,0.0,0.0,0.0,0.0,0.0
0.5010556480339079,0.4964379905132237,-0.5705093819665585,-0.26528738831357507,-0.5223428220457611,1.0,0.0,0.0,0.0,0.0
2.1599579081365032,1.0500365659656494,0.9507012848541392,2.2647659642040434,0.5961279897971652,1.0,0.0,0.0,0.0,1.0
-0.777648452092723,0.9883289888197129,-1.4391672198125394,-0.47844438326318445,-1.0938508586590312,1.0,0.0,0.0,0.0,1.0
-1.1201508149494308,0.30176937449531194,1.477918934332072,-0.4899738511951753,-0.7222136862824045,0.0,1.0,0.0,0.0,0.0
-1.2863357600539416,-0.8376715143709581,-1.252374426279307,-0.49919082075382887,0.39924208407183076,1.0,0.0,0.0,0.0,0.0
0.14070533730599638,-0.4213286681856567,0.4124647613244769,0.08375919422134205,-0.19240885425103998,0.0,0.0,0.0,0.0,1.0
-1.5996811086443392,-0.3428016334417329,-1.5262680591669653,-0.5061484674732524,-0.683308634867904,1.0,0.0,0.0,0.0,1.0
-1.3899320107699074,-1.2726722682561715,-1.8062938928138186,-0.45275056921248963,-0.26927323474982723,0.0,0.0,0.0,0.0,0.0
0.7076471272598203,-0.21651580843764076,2.167304746416531,-0.12037336043522959,0.9476709389812188,0.0,1.0,0.0,0.0,0.0
2.2483950768985914,1.0500365659656494,0.773287689436193,2.6442739670816864,0.5961279897971652,1.0,0.0,0.0,0.0,1.0
0.655429921923887,1.173011287229119,-1.2546206538791833,-0.2020360545006346,-0.6168860115079078,1.0,0.0,0.0,0.0,0.0
-0.13284891955097974,-1.1012653150735292,-0.5713311425592301,-0.4170905894646322,2.1953781762999,1.0,0.0,0.0,0.0,0.0
0.4281655599916687,0.6272998963374321,-1.9844238011862902,-0.29058792183875126,-0.793921023605104,1.0,0.0,0.0,0.0,0.0
-0.8114022671694724,0.8297394720258054,0.33880331989650697,-0.3665438964490195,0.12886291145177814,0.0,0.0,0.0,0.0,0.0
-0.8114022671694724,-0.7085280616130376,-1.0293695999788406,-0.48034192327757264,-0.5678871039102263,1.0,0.0,0.0,0.0,0.0
0.20303314420479715,-1.2467062128761985,0.5697671420582078,-0.32642858611449643,-0.8715149185497028,0.0,1.0,0.0,0.0,0.0
-0.8206885270904093,-0.42669652080679293,-0.1480237103506715,-0.4746230320901296,1.615270533810256,0.0,1.0,0.0,0.0,0.0
-0.9375352330508174,-0.6342422057689135,-0.9730720136450345,-0.48666705665886667,-0.961623830044639,1.0,0.0,0.0,0.0,1.0
0.5669927531617989,0.4460054703786719,0.7500470838811025,-0.1935849592439089,0.8306982521161332,0.0,1.0,0.0,0.0,1.0
-1.0919095069407967,-0.9135900109595897,-0.5754473561149991,-0.41725370395694306,-0.31359863299603874,0.0,0.0,0.0,0.0,0.0
-0.7047583640504839,0.773793209432786,1.5956115599854346,-0.3411889926950577,3.3651022718745747,0.0,0.0,0.0,0.0,1.0
2.876742859775958,0.26995457814386803,1.645913204062496,7.324872669239282,0.6380791520266568,1.0,0.0,0.0,0.0,0.0
-0.7454651620415813,1.0012306268313471,-0.6185523674948684,-0.3513309541966424,-0.12585315214544113,0.0,0.0,0.0,0.0,1.0
0.655429921923887,0.19933202904329775,-0.4943702484128812,-0.2020360545006346,-0.35573786341642655,1.0,0.0,0.0,0.0,0.0
0.08114446143114554,-0.045073807279194876,0.7102805545795516,-0.38040481585312674,0.1850704654118723,1.0,0.0,0.0,0.0,1.0
1.3164680054845925,2.163372222775286,1.3118020149823157,0.3039746160028891,0.5477001911040629,1.0,0.0,0.0,0.0,1.0
-0.8114022671694724,0.5463346972880735,0.6432141729468671,-0.3665438964490195,0.6357436227704215,0.0,0.0,0.0,0.0,0.0
0.7338325170342415,1.1332967784655597,-0.42998875706183914,-0.16408525421287035,-0.3135986523440617,1.0,0.0,0.0,0.0,1.0
-0.13284891955097974,0.9559907304463001,-1.4812406245163403,-0.4170905894646322,0.16454195697524535,1.0,0.0,0.0,0.0,1.0
-1.3899320107699074,-2.2358192387609064,-1.084088381017045,-0.45275056921248963,-0.7479141361697057,0.0,0.0,0.0,0.0,0.0
0.10668942107942916,0.6023685778925746,2.1673047229719233,-0.35137366716019564,-0.46488422225039433,0.0,1.0,0.0,0.0,0.0
-0.2764971494901113,0.1406041480666473,-0.11726005266295023,-0.18905957017128694,0.07873169600471523,0.0,0.0,0.0,0.0,0.0
1.8216462965864297,0.5525093572652772,0.40386941872758547,1.1883547653754225,-0.34662312712120125,1.0,0.0,0.0,0.0,0.0
-0.7047583640504839,-0.08390910315137322,-1.1691120409227727,-0.4740167898962786,3.7549854363611583,1.0,0.0,0.0,0.0,0.0
0.1758996282289786,0.0804039626185329,-0.3568675123367681,0.11519927487625455,4.009301679837183,0.0,0.0,0.0,0.0,0.0
-1.1237634392248654,-0.15268833782925997,1.5451985436094866,-0.4941307140487937,2.292851314967684,1.0,0.0,0.0,0.0,0.0
0.254302223339333,0.8779844875232343,0.15917267581576702,0.19126398613814005,0.033157977990668996,0.0,0.0,0.0,0.0,0.0
-0.33187197347456393,0.6888668649433887,1.0253495353770599,-0.2144144739252487,-0.679662127042595,0.0,0.0,0.0,0.0,1.0
0.08746245946689045,-3.2855506821206237,-0.30573956415317044,-0.35594939208573806,-0.06909093802620102,0.0,1.0,0.0,0.0,0.0
2.623583685827627,0.26995457814386803,0.874685112467453,4.921321984347543,0.43356945963487353,1.0,0.0,0.0,0.0,0.0
-0.8114022671694724,-0.6643731689047722,0.33880331989650697,-0.4740326159707048,0.9390065335441192,0.0,1.0,0.0,0.0,0.0
0.8369377117896841,0.6317037071077412,-0.04019166589938897,-0.03860072789489013,-0.38776633975205665,0.0,1.0,0.0,0.0,1.0
-0.2057390075932189,-0.6500198434542833,-0.2065755397680504,-0.15356270491574048,0.35058728241165954,0.0,0.0,0.0,0.0,0.0
0.5507663874305667,1.027732092026837,0.29364766016925203,-0.20111276476657555,0.050881022613058324,0.0,1.0,0.0,0.0,0.0
-0.392067834228018,0.3383762686304563,0.1122997991842494,-0.2397693776792105,-0.34252961531634146,0.0,0.0,0.0,0.0,1.0
-1.5925119670103225,-0.3831047446155486,-1.2971554704584696,-0.5060219648056264,-0.5339820324376386,1.0,0.0,0.0,0.0,0.0
-0.6123792132458882,-0.1625934602840104,-0.8651572437074917,-0.3158340889410959,0.19497760124758967,0.0,0.0,0.0,0.0,0.0
0.00825437338890702,0.095403028956672,2.167304716792434,-0.3735142716386269,0.046126134105203415,0.0,1.0,0.0,0.0,0.0
-1.0919095069407967,0.3490665130160013,-1.4860373596440766,-0.41725370395694306,-0.28332624345623664,0.0,0.0,0.0,0.0,1.0
-1.2549859833285295,0.06182600351475931,2.0817649029703458,-0.36206833290343204,0.5648514250231975,0.0,0.0,1.0,0.0,0.0
2.0585352824552823,-0.6712170606961732,0.08163797559347542,1.8852579613264004,-0.029394065017563625,1.0,0.0,0.0,0.0,1.0
-0.9952199622752753,1.0121356858330515,1.09925191227049,-0.402040761704566,0.4129389252714413,0.0,0.0,0.0,0.0,1.0
1.2454674808612725,-0.17539640056967878,1.0461378281601597,0.34753141420895084,-0.0660915208129152,0.0,1.0,0.0,0.0,1.0
-1.054869148976838,-1.9498289002861544,-1.0242149440305301,-0.4871693746279073,-0.8166231188581334,0.0,1.0,0.0,0.0,1.0
0.14765832022034447,1.0610860573846894,-0.20594224587024634,-0.36648952241427984,0.09436025794076311,1.0,0.0,0.0,0.0,1.0
0.40709339361705055,0.6351290066022713,0.9222286320680971,-0.26059718879862753,-0.8252390775779794,0.0,1.0,0.0,0.0,0.0
2.3510744076968075,0.7371794239511673,2.16730476177139,3.15028463758521,0.2458355179471845,1.0,0.0,0.0,0.0,0.0
-1.1647995949830356,-0.3466104642986235,-0.7582974913173,-0.42739566545852786,0.21038916344515277,0.0,0.0,0.0,0.0,0.0
0.254302223339333,0.4319045004589887,1.520772449230059,-0.3411889888891036,-0.6082503450999003,1.0,0.0,0.0,0.0,0.0
-1.2909325608643802,-0.49785670254489656,-0.6911607960967032,-0.44260860771090493,-0.6864274117931944,0.0,0.0,0.0,0.0,0.0
1.6144905093137045,-0.5543095881613375,-0.7650617383567218,0.7467339526934724,-0.1197038294941565,1.0,0.0,0.0,0.0,0.0
-0.9774039740325012,-1.4710007956719373,-0.604996420390107,-0.48843809400562904,-0.2659196846416819,1.0,0.0,0.0,0.0,0.0
0.44749446162894996,-1.5044973964865351,-0.5192716978265074,-0.28413628578983136,-1.030229370218248,1.0,0.0,0.0,0.0,0.0
2.0585352824552823,0.09143368023526251,1.0736030096696572,1.8852579613264004,0.6657373732328161,1.0,0.0,0.0,0.0,0.0
-0.22522807035557543,0.643521129103391,0.26483978506460254,-0.4297408562272203,0.5800431526183989,1.0,0.0,0.0,0.0,1.0
1.9815876110708,1.0345051737405235,1.2982898628340438,1.632252626074639,0.4906618996497005,1.0,0.0,0.0,0.0,1.0
2.0400857630540696,0.8595274015097056,0.8512605974966968,1.8220066275134605,1.390673904867256,1.0,0.0,0.0,0.0,1.0
-0.9375352330508174,0.13908297139457346,-1.2577034798114584,-0.3918988002029813,0.7065000696667841,0.0,0.0,0.0,0.0,0.0
-1.5645560027783336,-0.11478533606825965,2.1673043071335356,-0.4187408145319282,3.1051609556995974,0.0,0.0,1.0,0.0,0.0
-1.3386629316353715,-2.0437191912769337,-1.2397362331707455,-0.44767958846169725,-0.05123790729755087,0.0,0.0,0.0,0.0,0.0
0.3020325941103236,1.7543724271521475,-0.8717317423827384,-0.3285387221265155,-1.0852321581215965,1.0,0.0,0.0,0.0,1.0
-0.09009441483999975,0.3294599039558994,1.482988079858271,-0.3927027955199339,-1.2960762739977676,0.0,1.0,0.0,0.0,0.0
-1.0919095069407967,-1.5761071372516335,-1.0960078194153917,-0.4887930189563256,0.3808039460943769,0.0,1.0,0.0,0.0,0.0
2.6702406413690416,0.2952910547882045,0.6073760909861617,5.300829987225186,-0.16549666878791128,1.0,0.0,0.0,0.0,1.0
-1.0919095069407967,-0.3310542660126378,-0.5754473561149991,-0.4887930189563256,-0.3213044415098221,0.0,1.0,0.0,0.0,0.0
0.021525354338999422,0.16802118180699394,-0.22454485278020758,-0.01157524389355435,-1.561923312559705,0.0,0.0,0.0,0.0,1.0
-1.2909325608643802,0.9129277261598537,-1.7150516744317912,-0.44260860771090493,-0.05123774520399619,0.0,0.0,0.0,0.0,0.0
-0.49349045990923707,-0.4872342180222376,-1.1927825297502028,-0.45820395644304346,-0.7729583274010514,1.0,0.0,0.0,0.0,0.0
0.1758996282289786,0.33055908504453646,0.0836960039954657,-0.36016438903298575,0.13443219798618872,1.0,0.0,0.0,0.0,0.0
-0.5370719967968398,-1.3971072160275049,-0.3626346708675962,-0.4524824276116983,-0.17406608476600458,0.0,1.0,0.0,0.0,0.0
-0.23518242880904328,-0.584746456259229,-0.8223727651750666,-0.4310058829034791,-0.8403387258606266,1.0,0.0,0.0,0.0,0.0
0.6761477878097829,-0.9143953028037302,-0.6414575869559695,-0.1380858440179746,-0.7939210201667556,0.0,1.0,0.0,0.0,1.0
-0.22522807035557543,0.1894583649495517,-0.2545944275934008,-0.16370466641732512,0.7626912412871594,0.0,0.0,0.0,0.0,0.0
0.021525354338999422,-0.0698935321659674,-1.3817924552948502,-0.391790055939456,-0.18941145444394863,1.0,0.0,0.0,0.0,1.0
-0.33533972999181666,-0.09541555712019524,1.3659380550082134,-0.21593576815048646,0.40179893882398926,0.0,0.0,0.0,0.0,0.0
-0.2764971494901113,1.888332711799272,-0.2784302221490671,-0.18905957017128694,-0.2765664513584419,0.0,0.0,0.0,0.0,0.0
-0.05136473370323972,0.8780909156485754,0.341242984696167,-0.06228505140147791,-0.4560001825897859,0.0,0.0,0.0,0.0,0.0
-1.6520597565438602,0.4319045004589887,-1.052111380412577,-0.4735415902907383,-0.5842927030377938,0.0,0.0,0.0,0.0,0.0
0.5825398338816479,0.008358327595536211,0.49538746925842114,-0.1862047577510985,-1.0938508159339906,0.0,1.0,0.0,0.0,1.0
0.13778750937602002,0.13898774190398416,-0.5943336997761431,-0.3436982576076728,-0.4759104259042196,0.0,1.0,0.0,0.0,1.0
0.35740741809477633,-0.7652979394578605,0.5746800419144684,-0.2784572764112287,-0.3753749129565901,0.0,1.0,0.0,0.0,0.0
2.39701168712011,-0.5144111544644494,0.4333558063930203,3.402151448828339,0.22081475690832802,1.0,0.0,0.0,0.0,0.0
0.4281655599916687,0.4531595330914623,-0.1118472020159613,-0.25262657118639226,0.09278725827241668,0.0,1.0,0.0,0.0,0.0
-0.2361857879068474,-0.2654690322625366,1.8069773350494571,-0.41661464835663975,2.0348265081474395,0.0,1.0,0.0,0.0,0.0
-0.6478647337992162,-0.16312033355287858,-0.8215213607073111,-0.32597605044268063,-0.08499601947815708,0.0,0.0,0.0,0.0,0.0
-1.0919095069407967,1.1942482052670012,0.20651201056076315,-0.41725370395694306,0.5477003331103405,0.0,0.0,0.0,0.0,0.0
0.3020325941103236,0.8665490586983496,-1.5398737938807492,-0.3285387221265155,-0.7992476269661676,1.0,0.0,0.0,0.0,0.0
0.14765832022034447,-0.006125728997480156,0.48564193864199634,-0.34118898910011725,2.1173961678893187,0.0,1.0,0.0,0.0,0.0
0.49544306946558186,0.20109856355618957,0.34638654949434594,-0.22549104633762698,-1.0852321870981654,0.0,1.0,0.0,0.0,1.0
0.7815628878052314,0.8267018137626952,-1.026492293035103,-0.13878472068769415,-1.085232125005515,1.0,0.0,0.0,0.0,0.0
-1.0919095069407967,-3.537510897668216,-1.4860373596440766,-0.4887930189563256,-0.22419132958079419,0.0,1.0,0.0,0.0,0.0
0.4281655599916687,0.95126107215037,-1.220666342465972,-0.29058792183875126,0.6124661951867537,1.0,0.0,0.0,0.0,1.0
1.4426009713659376,0.1372704595871738,0.4515860694546414,0.6329976079508578,-0.852998225486226,0.0,1.0,0.0,0.0,0.0
-0.5308950273981481,1.5569003451593428,-0.8069086763535398,-0.4613665231336905,-0.7072746611247018,1.0,0.0,0.0,0.0,1.0
1.9396465291186331,1.0800301133210473,0.9230361228830511,1.5057499584487577,0.8120725166087879,1.0,0.0,0.0,0.0,0.0
-0.2764971494901113,-0.5367601015502276,0.5689675588494849,-0.43606598960851434,3.755000057830311,1.0,0.0,0.0,0.0,1.0
-0.13284891955097974,0.36498087246313343,-0.6590316092562208,-0.11299485890940163,-1.561923312559705,0.0,0.0,0.0,0.0,1.0
-0.33187197347456393,0.7710773638023717,0.3406336790168674,-0.44239112298980837,-1.1188450152830283,1.0,0.0,0.0,0.0,1.0
0.34754560408351304,-1.5854432105196163,-0.5171867577417779,-0.2818521690979215,-0.6314591473561947,0.0,1.0,0.0,0.0,0.0
1.7401044185419623,-2.020412124250001,-0.6849059059754715,0.9986007639366012,-0.3578940536120125,1.0,0.0,0.0,0.0,0.0
0.14765832022034447,0.9111396108104199,0.09267493633353889,0.08984437112229285,-0.5223428220457611,0.0,0.0,0.0,0.0,0.0
-1.5714398006357044,0.9129475577399776,-1.8302449765505038,-0.4679635114648667,-0.1284768106237141,0.0,0.0,0.0,0.0,0.0
1.2749059880354885,0.2549022334502473,0.8984373786137483,0.38517044182228394,0.020346101307479773,0.0,1.0,0.0,0.0,1.0
-0.33187197347456393,1.9225264051586775,0.3406336790168674,-0.44239112298980837,0.08261788719351029,1.0,0.0,0.0,0.0,1.0
-0.8253788228637137,-0.4865566888704131,0.28394827933581673,-0.47491824014984196,0.3907573874534534,0.0,1.0,0.0,0.0,0.0
0.655429921923887,1.1332967784655597,-0.4943702484128812,-0.2020360545006346,0.5521923386474062,1.0,0.0,0.0,0.0,1.0
-0.458004939355909,-2.511844770746822,-0.1183128527463104,-0.26512428143317235,-0.58429274361102,0.0,0.0,0.0,0.0,0.0
1.2948469965768892,-0.3266283436890781,-0.30486169622244313,2.6760445540263964,-0.7939211920841607,0.0,0.0,0.0,0.0,1.0
2.1599579081365032,1.0500365659656494,0.9507012848541392,2.2647659642040434,0.2585500527294716,1.0,0.0,0.0,0.0,1.0
-0.8114022671694724,1.4572155174146595,-0.6897172496264797,-0.3665438964490195,-0.09976541613516882,0.0,0.0,0.0,0.0,1.0
0.5007096535397393,0.9660111461032712,-1.4832052714449515,-0.26541389098120094,-1.0845877971050115,1.0,0.0,0.0,0.0,0.0
-0.7047583640504839,-1.4396350473259152,0.2632517286848208,-0.3411889926950577,-0.46144070118745806,0.0,0.0,0.0,0.0,0.0
-1.6757814854015782,-1.4349817944654266,-0.4461659374833816,-0.5056198783599334,1.1898248378570395,0.0,1.0,0.0,0.0,1.0
-0.5769801750949063,-0.34865393131247513,2.1673046547228996,-0.10057951416142309,1.346752615805171,0.0,0.0,1.0,0.0,0.0
-0.13284891955097974,-1.8178970719708327,-0.24935202871237402,-0.4002306010426006,0.052669755454231755,0.0,1.0,0.0,0.0,0.0
1.5416004212714647,0.7533106869814583,1.7126912003692423,0.8101224437783078,0.32650626568927493,0.0,1.0,0.0,0.0,0.0
1.2133628107291505,1.4440691080947594,1.0804671668844779,2.321075901470931,0.9962256410632632,0.0,0.0,0.0,0.0,0.0
-1.0919095069407967,-0.22163328042795258,-0.5754473561149991,-0.49299219004016076,0.09490319655168059,1.0,0.0,0.0,0.0,1.0
-0.2764971494901113,0.34015303011163606,2.0243131596873245,-0.42237120552103186,1.6282378875190593,0.0,1.0,0.0,0.0,0.0
-1.44530683475436,0.2115669343000684,-0.5791166139361581,-0.5031124034502312,-0.7120503982641988,1.0,0.0,0.0,0.0,0.0
0.3466813741439281,-0.267201984927804,0.21982297655936497,-0.31588845536392746,-0.48020143817587213,1.0,0.0,0.0,0.0,1.0
-0.6478647337992162,-0.6292438648889754,-0.5133698174655377,-0.4622242935822081,0.21288540258372318,0.0,1.0,0.0,0.0,1.0
1.3467667982206428,-0.09956886745944166,0.4225410857791922,0.4840651418259435,-0.01653284987652108,0.0,1.0,0.0,0.0,0.0
0.3020325941103236,0.39239346525427904,-0.11451133198274666,0.2419737936460636,0.6057512908216981,0.0,0.0,0.0,0.0,1.0
0.27138496723506716,-2.354770287789174,-0.7588804431751495,-0.3367613955221978,-0.21223900430446396,1.0,0.0,0.0,0.0,0.0
0.5010556480339079,-1.3740641613954592,-1.321778809008209,-0.26528738831357507,-0.15358306874218383,1.0,0.0,0.0,0.0,0.0
0.8218742493884953,-0.8180609901858994,-0.32266007534113206,-0.048933009984824756,-0.8075303998284571,0.0,1.0,0.0,0.0,0.0
-0.7047583640504839,0.773793209432786,1.5956115599854346,-0.3411889926950577,2.8315439516123497,0.0,0.0,0.0,0.0,1.0
0.3886224560960949,0.33397030509808356,-0.1795942817118833,0.34339340866191087,1.3299720612822887,0.0,0.0,0.0,0.0,0.0
0.5010556480339079,1.0095827647182334,-0.10917717991825883,-0.26528738831357507,-0.4545100260259359,1.0,0.0,0.0,0.0,0.0
-0.2764971494901113,0.5948294424744947,-1.2100082805067829,-0.43606598960851434,-0.34449356256330027,1.0,0.0,0.0,0.0,1.0
1.3192297495780638,0.13506741750658785,0.9802248656361504,0.4449500739140484,0.13443299371789544,0.0,1.0,0.0,0.0,1.0
-0.39458811379735276,-1.1143873769733708,-1.5627039374958769,-0.44896926170635415,-0.2152243763562419,1.0,0.0,0.0,0.0,1.0
-0.7047583640504839,0.5975057030078413,-0.8010357201462226,-0.3411889926950577,0.5322990811663346,0.0,0.0,0.0,0.0,0.0
-0.05136473370323972,0.6134837196207487,-0.23620739311498856,-0.06228505140147791,-0.38776610282839197,0.0,0.0,0.0,0.0,1.0
0.3466813741439281,0.7009617055634522,-0.3679055588876925,0.29268360115398734,-0.7391970563068581,0.0,0.0,0.0,0.0,0.0
-0.7008163820079764,-0.48183986601940926,-0.9377534861394389,-0.46635720641818196,0.2797405305319615,0.0,1.0,0.0,0.0,0.0
-0.33187197347456393,1.5745639859055338,0.6449095243969761,-0.2144144739252487,0.4557863126251847,0.0,0.0,0.0,0.0,0.0
1.894997749085028,0.9626517397446882,2.167304760302976,1.379247290822877,0.3231728408379658,1.0,0.0,0.0,0.0,1.0
-0.9375352330508174,-0.852375320061269,0.44510780316399956,-0.4814128174635152,0.6586795329613628,0.0,1.0,0.0,0.0,1.0
1.5101488245478307,0.45027994840186353,1.9664602957911936,0.7510808318358244,1.0743912369514648,0.0,1.0,0.0,0.0,0.0
2.440465147907827,0.09153854706779802,0.7422035859425269,3.6562953080887337,0.38906745532708037,1.0,0.0,0.0,0.0,0.0
-1.0581556918640471,-1.7838669490436736,-0.48402228851384815,-0.49172716336390193,-0.4297820871559554,1.0,0.0,0.0,0.0,0.0
-0.859132637940463,-0.2556210086544134,-0.5738778166163956,-0.47698469656782894,-0.024713317841819574,0.0,1.0,0.0,0.0,0.0
-0.6123792132458882,-0.38751609784305824,-0.5727018403136048,-0.3158340889410959,-0.10508232616484768,0.0,0.0,0.0,0.0,1.0
-0.6929991691540432,-0.647198628069963,-0.5933052286732557,-0.4657667902987571,0.4533676451842109,0.0,1.0,0.0,0.0,0.0
-0.367357494027892,1.4036352098559213,0.20103491159078543,-0.4461862030185848,-0.3390278269698006,1.0,0.0,0.0,0.0,1.0
1.2610931815001398,-0.9807192375504546,-0.013935940085031783,0.3673103542096828,-1.1850916486323038,0.0,1.0,0.0,0.0,1.0
-1.2909325608643802,-0.4589095218468142,-0.6911607960967032,-0.44260860771090493,-0.2761138945248435,0.0,0.0,0.0,0.0,1.0
-1.44530683475436,0.2115669343000684,-0.5791166139361581,-0.5031124034502312,-0.7120503982641988,1.0,0.0,0.0,0.0,0.0
0.08746245946689045,0.2042791555222323,0.12467114788604149,-0.35594939208573806,-0.2785246165252184,0.0,1.0,0.0,0.0,0.0
0.7815628878052314,1.241825475325748,-0.6824444033704979,-0.13878472068769415,-0.7174683416672812,1.0,0.0,0.0,0.0,1.0
-1.5714398006357044,-0.5072986859471242,-1.9427051193093123,-0.4679635114648667,-1.0642577798058344,0.0,0.0,0.0,0.0,0.0
-1.025972401812905,0.8067458152785271,-0.9675172199474187,-0.40711174245535836,0.02303055213305317,0.0,0.0,0.0,0.0,0.0
-0.458004939355909,-1.9498289002861544,0.5426045625219896,-0.26512428143317235,0.3663224883338455,0.0,0.0,0.0,0.0,0.0
-0.392067834228018,0.594072937502619,-0.09700904848370165,-0.43713160850665267,-0.1440732749165279,0.0,1.0,0.0,0.0,0.0
0.6814982860700937,0.8661131214699439,1.1981157766268449,0.7977532839329062,-0.4881102156534399,0.0,0.0,0.0,0.0,0.0
2.3267976720089445,0.09153854706779802,0.7214305605177473,3.0237819699593294,0.38906745532708037,1.0,0.0,0.0,0.0,0.0
-0.22522807035557543,-0.05077768890583516,-0.507873925950859,-0.41499100402822137,1.4510072468009174,0.0,1.0,0.0,0.0,0.0
1.9609348542129186,0.8376572091685057,1.1896630005417932,1.5690012922616983,-0.6559644842539827,1.0,0.0,0.0,0.0,0.0
-0.859132637940463,-2.418502830168242,0.15595318469420613,-0.47698469656782894,-0.5939678137654154,0.0,1.0,0.0,0.0,1.0
0.3020325941103236,-0.20242500336890992,-0.44091925378357266,-0.29690778014325475,-0.3390274558067529,0.0,1.0,0.0,0.0,0.0
-1.0919095069407967,0.3490665130160013,-1.4860373596440766,-0.41725370395694306,-1.0091024627097367,0.0,0.0,0.0,0.0,1.0
0.7086727997629924,-0.8287840460861253,0.8463460653697895,-0.11978294431580473,-0.004820121258608278,0.0,1.0,0.0,0.0,0.0
1.6804276144415948,0.7800899348248908,0.9506607275858959,0.8732366203193532,0.32650626568927493,1.0,0.0,0.0,0.0,1.0
-1.5714398006357044,-0.9282903384136607,-1.9427051193093123,-0.5056424568027489,-0.4802015309008799,1.0,0.0,0.0,0.0,0.0
0.5010556480339079,0.7488778332124276,-1.2534219952369197,-0.26528738831357507,-0.6217758972824409,1.0,0.0,0.0,0.0,1.0
0.9076958536865766,-1.6526546557136812,-0.3295184854806205,0.013060682554782781,-0.6805247601403027,0.0,1.0,0.0,0.0,0.0
0.021525354338999422,-0.3883476369188565,-0.11489182871225485,-0.391790055939456,2.523722616856135,1.0,0.0,0.0,0.0,1.0
-0.2154149132449119,1.8859277935837002,-0.7767288337903689,-0.15863368566653274,0.9390066833032877,0.0,0.0,0.0,0.0,0.0
1.4014908996958784,0.551726271096656,0.6810610875199804,0.5665757945155641,-0.4225794508855821,0.0,1.0,0.0,0.0,1.0
0.6957412835071509,-0.5535334414315989,1.059046874075469,0.825136579987185,-0.7174683326728474,0.0,0.0,0.0,0.0,1.0
-0.2861430746006773,0.1275221028253351,0.46769476803129945,-0.42369964178973774,-0.4225804608525163,0.0,1.0,0.0,0.0,0.0
-1.0919095069407967,-1.6861707179950682,-1.4860373596440766,-0.41725370395694306,0.09601849411762961,0.0,0.0,0.0,0.0,0.0
0.05527916941574879,-0.3877931218014619,-0.3131818511483873,-0.385464922558162,-0.029394359380825904,1.0,0.0,0.0,0.0,0.0
1.3164680054845925,2.1633785094054576,1.0937405835198506,0.3039746160028891,0.215053189247278,1.0,0.0,0.0,0.0,1.0
-1.0919095069407967,-0.5293204258920157,-0.11946770707616865,-0.49299219004016076,0.04705860513210013,1.0,0.0,0.0,0.0,0.0
-0.7667534871358673,-1.697868684738562,-0.4517976856016785,-0.4710805353735806,-0.45851573508642435,0.0,1.0,0.0,0.0,0.0
1.2948469965768892,-0.09327567894835227,-0.5128980842876643,0.41159156316654516,0.19497760124758967,0.0,1.0,0.0,0.0,0.0
1.3967685880039868,-0.7225292961995808,-0.6536899705753735,0.40517675010359383,0.20640665841561137,1.0,0.0,0.0,0.0,0.0
-0.5623466241217823,1.6869896583012112,0.8725486754040677,-0.4638965764862081,0.2458355909125544,1.0,0.0,0.0,0.0,1.0
-0.013960166214328612,-0.4163121131484811,-0.22900165717399873,-0.3780899965641693,-0.55594853586426,0.0,1.0,0.0,0.0,1.0
-0.6949452069398203,-0.6590616612928789,-1.318148020881111,-0.3386535023196615,-0.08454502459178433,0.0,0.0,0.0,0.0,1.0
-2.2053443682205924,-0.07663030335960135,2.1673035935728437,-0.49838939596962084,-0.42257948427293834,0.0,0.0,0.0,0.0,0.0
-0.7371299289637668,0.45320990236850195,-0.8741025616926602,-0.34930256189632547,-0.21015939568567954,0.0,0.0,0.0,0.0,0.0
-0.9922185867361561,-0.13677595321094677,-0.29202964655143226,-0.4890706073437584,1.8054665052981569,1.0,0.0,0.0,0.0,0.0
0.5099912990315691,0.2304377052698731,-0.8548370918324156,-0.2619983189553022,-0.38776607321292905,1.0,0.0,0.0,0.0,1.0
-0.013232321879260763,0.2042791555222323,0.3156411966095243,-0.3779423925343131,0.6057494739406967,0.0,1.0,0.0,0.0,0.0
0.4281655599916687,-0.7998389284534464,0.7630381979900538,-0.25262657118639226,0.6586795329613628,0.0,1.0,0.0,0.0,1.0
0.655429921923887,0.5806427495317497,0.4560853395904879,0.7490718687252996,-0.9403657216612212,0.0,0.0,0.0,0.0,0.0
-1.4687604698374888,0.3367206680869798,-1.343417923964664,-0.4598499422635989,0.11341350192913963,0.0,0.0,0.0,0.0,1.0
2.220153768889957,0.40421560621902386,0.9230549765122291,2.5177712994558057,0.7516629710835138,1.0,0.0,0.0,0.0,1.0
0.34624885398187577,0.5112549724569454,0.0434056037205683,-0.3160149580315534,-0.8861575121363202,1.0,0.0,0.0,0.0,1.0
-1.025972401812905,-0.6211724660442534,1.6176526787411196,-0.48584093835920145,-0.30321962290218796,0.0,1.0,0.0,0.0,0.0
-0.7454651620415813,1.0012306268313471,-0.6185523674948684,-0.3513309541966424,-0.12585315214544113,0.0,0.0,0.0,0.0,1.0
-0.4862462473645431,-0.640215389977665,-1.3016340447143906,-0.44746389059658725,-1.4613325275744964,0.0,1.0,0.0,0.0,0.0
-1.1647995949830356,0.4322724928037737,-0.7582974913173,-0.42739566545852786,2.919493502851632,0.0,0.0,0.0,0.0,0.0
-1.025972401812905,-2.743669898977185,-0.3925972209126977,-0.4904621366876431,-0.25875241343919675,1.0,0.0,0.0,0.0,1.0
-1.2682480375632676,0.29215935445829155,-0.38172577605853164,-0.4400731173355087,-0.8358467606602109,0.0,0.0,0.0,0.0,1.0
-0.6123792132458882,1.119636563686045,0.2093171875820992,-0.4676916565149845,-0.6082503450999003,1.0,0.0,0.0,0.0,1.0
-0.5037615114223296,1.1949316364168612,1.1619647250957101,-0.4590894751164247,0.7105213645604741,1.0,0.0,0.0,0.0,1.0
-0.7454651620415813,-0.055275786946975144,-0.8923692720792695,-0.4765468432487962,-0.7500123970991899,1.0,0.0,0.0,0.0,0.0
1.2256076609468118,0.012067854819118698,-0.03121798643993716,0.20277248190218441,-0.567886993350108,1.0,0.0,0.0,0.0,1.0
-0.5247727221621514,-0.9152019115607122,-0.3261012500943773,-0.45130159537284864,-0.5235145283885408,0.0,1.0,0.0,0.0,0.0
-1.0919095069407967,0.6140656722226984,-0.8791800464137681,-0.41725370395694306,0.867715197104328,0.0,0.0,0.0,0.0,0.0
-0.392067834228018,0.24516939622170283,-1.1418802848679492,-0.2397693776792105,-0.5678870154621333,0.0,0.0,0.0,0.0,0.0
-0.05136473370323972,-0.7623283871711798,-0.34311148563574256,-0.3854701980569798,-0.7120504526565749,0.0,1.0,0.0,0.0,0.0
-0.458004939355909,-1.9179958462254316,-0.1160340806483686,-0.4445118099994631,-0.15177878778350476,0.0,1.0,0.0,0.0,0.0
-0.8998394359315605,-1.0649645328137518,-0.6783038171761946,-0.384799427151872,-1.3526137902601294,0.0,0.0,0.0,0.0,1.0
-0.458004939355909,-1.4349817944654266,0.45437194994217583,-0.4445118099994631,-0.46367048885687584,0.0,1.0,0.0,0.0,1.0
-0.8114022671694724,0.5065762544973011,0.4177116343475558,-0.3665438964490195,0.6977751557732306,0.0,0.0,0.0,0.0,1.0
0.22708963816214076,-0.22680440431202542,1.1115019200441945,-0.31963880074111084,-0.2466806827734757,0.0,1.0,0.0,0.0,1.0
0.18196097783017962,-2.0939226039567482,0.10552428602837732,-0.33218514327888854,0.8987055641614636,0.0,1.0,0.0,0.0,0.0
1.2749059880354885,-0.17288077543374278,1.0636502670374426,0.38517044182228394,-0.16875101794934602,0.0,1.0,0.0,0.0,1.0
-0.8114022671694724,-0.1701996247208378,1.0239184709649003,-0.3665438964490195,-0.5129057652642629,0.0,0.0,0.0,0.0,0.0
1.4154674553901196,2.163372222775286,1.2067592358721562,0.43047728362877,0.5477001911040629,1.0,0.0,0.0,0.0,1.0
-0.5217317679178711,-0.04327894598870912,-0.3169678949010726,-0.45100638731313625,-0.811022269423749,0.0,1.0,0.0,0.0,0.0
0.3020325941103236,0.8665490586983496,-1.7108773755673434,-0.3285387221265155,-0.7831351477309189,1.0,0.0,0.0,0.0,0.0
-1.2863357600539416,0.6912661601233848,2.167304459203876,-0.34118899942255837,-0.4225800629869006,0.0,0.0,0.0,1.0,0.0
0.8579034367491108,-0.34153853122785177,1.429601704156901,-0.02384032490926932,-0.24668089878936272,0.0,1.0,0.0,0.0,1.0
2.537901705591333,0.9676823078672754,-0.08391411579411229,4.287670122209506,0.16374957570045628,1.0,0.0,0.0,0.0,1.0
1.7111800539792232,0.09153854706779802,0.22949164540053574,0.9364879541322938,0.36071948816900273,1.0,0.0,0.0,0.0,0.0
-0.7248124051836999,-0.6846903424155311,-0.987567254181779,-0.3462599734458501,-0.49399126631074947,0.0,0.0,0.0,0.0,0.0
2.23441852120435,-0.05161796363200561,-0.15946307133024287,2.581022633268746,-0.040785981166969236,1.0,0.0,0.0,0.0,1.0
0.655429921923887,-0.3582166737829984,-0.11466314576988518,-0.14930375028704643,1.714793494179908,0.0,1.0,0.0,0.0,0.0
0.3020325941103236,0.8478543624938165,-1.4164650960366099,-0.3285387221265155,-0.07684752829016393,1.0,0.0,0.0,0.0,1.0
-0.09090783759881291,0.2546763042249948,-0.25371599262251426,-0.0876399551554397,-1.561923312559705,0.0,0.0,0.0,0.0,0.0
1.8216462965864297,0.5525093572652772,0.40386941872758547,1.1883547653754225,-0.34662312712120125,1.0,0.0,0.0,0.0,0.0
-0.9774039740325012,-0.5930784304781962,-1.7243271081915343,-0.3989981732540906,-0.16549663347435634,0.0,0.0,0.0,0.0,0.0
0.4622853184658262,0.5095056499618491,-0.8242434131046967,0.4402491410020449,0.11937878091761657,0.0,0.0,0.0,0.0,1.0
0.09372328026580257,1.2904173910603676,-0.5878844007321764,0.04420554436516164,-0.2833263512116167,0.0,0.0,0.0,0.0,0.0
0.2978691955267453,1.5905537372814875,1.0210457098170687,-0.3296772461351484,0.6057511350889453,1.0,0.0,0.0,0.0,1.0
-1.5714398006357044,0.1252749866609027,2.1673043025253436,-0.5035534219419464,1.248455924201133,0.0,1.0,0.0,0.0,0.0
-0.27014044954522537,-1.2896238040881913,0.3241953042665181,-0.43530697360275905,-0.30928873517096866,1.0,0.0,0.0,0.0,1.0
-0.8842923552117115,0.47014135917283056,-0.8607964086650833,-0.3817568387013966,0.11341350192913963,0.0,0.0,0.0,0.0,0.0
-0.732999672059118,-0.09910565771028831,0.6018744715931337,-0.46871887089588127,0.03315760971808389,0.0,1.0,0.0,0.0,0.0
0.059221151458256356,-0.25014049510370495,1.4586982255613954,-0.3847059065524067,3.7550105017816064,1.0,0.0,0.0,0.0,1.0
-0.05136473370323972,-1.5018384081334952,-0.3338324643548939,-0.3854701980569798,-0.8564063904246286,0.0,1.0,0.0,0.0,0.0
-1.0714602552988766,-1.2435545015458183,-0.5205923155543083,-0.4922331740344055,-0.22205550644150604,1.0,0.0,0.0,0.0,0.0
-0.2764971494901113,0.9008623343516904,-0.9136606279444617,-0.18905957017128694,0.2632941898844412,0.0,0.0,0.0,0.0,0.0
0.4760496505670177,-0.24492758307558363,1.0012362333806064,-0.23358565133494136,-0.20696181947028866,0.0,1.0,0.0,0.0,0.0
-0.7288939272092011,0.11867007998947554,-0.19533356458712278,-0.4755348219077892,-0.30550031512773324,1.0,0.0,0.0,0.0,1.0
0.8859834812131735,-0.6127935593665026,0.793889936406307,-0.00335731368612332,1.1332132277544897,0.0,1.0,0.0,0.0,0.0
0.021525354338999422,0.30306854787475007,0.45544322029519085,-0.391790055939456,-0.820445444020414,1.0,0.0,0.0,0.0,0.0
-0.9347734889573457,-0.19543391817814157,2.167304580860155,-0.26960270498325395,1.8054682382229357,0.0,0.0,1.0,0.0,0.0
0.254302223339333,0.5138896469168479,0.168403924732406,0.19126398613814005,-0.422579744694271,0.0,0.0,0.0,0.0,0.0
1.2376395464170111,1.2600637308449867,0.9125674017414864,2.4224955164867787,-0.1284768106237141,0.0,0.0,0.0,0.0,0.0
0.7762385290957542,-0.02144339548968044,1.046725407392393,-0.07889662804563505,0.8306983543648937,0.0,1.0,0.0,0.0,0.0
2.374320466848989,-1.4373029335488356,-0.28991838890130556,3.275648781202458,0.23447908512246024,1.0,0.0,0.0,0.0,1.0
-1.025972401812905,2.315221334182173,-0.9675172199474187,-0.4904621366876431,0.7516629710835138,1.0,0.0,0.0,0.0,1.0
-1.0919095069407967,1.5613146564043952,-0.09642630518555403,-0.41725370395694306,0.15585638507157168,0.0,0.0,0.0,0.0,1.0
-0.4099056984206637,0.061603220699331544,2.167304678071486,0.013759703159227143,0.15131219966253606,0.0,0.0,1.0,0.0,0.0
-1.9377555916966156,0.4319045004589887,-1.0676675557678554,-0.4888103133313741,-0.4383439288718931,0.0,0.0,0.0,0.0,1.0
0.021525354338999422,-0.4130930850545854,-0.5710571675562595,-0.01157524389355435,-0.6042138329284449,0.0,0.0,0.0,0.0,0.0
-0.6123792132458882,0.5975057030078413,-0.9935111583360792,-0.3158340889410959,-0.07684752829016393,0.0,0.0,0.0,0.0,0.0
1.8216462965864297,0.7045149157674673,0.2926556714269807,1.1883547653754225,-0.4985356114597628,1.0,0.0,0.0,0.0,1.0
0.6040331111257575,-1.476008362997035,0.8222446819004172,-0.1757248716313077,2.585279016525098,0.0,1.0,0.0,0.0,0.0
-1.4687604698374888,0.3367206680869798,-1.343417923964664,-0.4598499422635989,0.11341350192913963,0.0,0.0,0.0,0.0,1.0
2.440276445089909,-0.9511964506874709,0.2553794069984526,3.655156784080101,1.3404417162704716,1.0,0.0,0.0,0.0,0.0
-0.7248124051836999,0.2321753059763094,-0.846702496112746,-0.3462599734458501,-0.2069616166041665,0.0,0.0,0.0,0.0,0.0
0.3157323680538558,1.4119972781457062,0.5128501704370731,0.25718673589844065,-0.3956271851792475,0.0,0.0,0.0,0.0,0.0
-0.14594361919634322,-2.85373347972062,-0.15797382240722513,-0.4024446614904437,-0.8221754863763021,0.0,1.0,0.0,0.0,0.0
-0.6123792132458882,-0.38751609784305824,-0.5727018403136048,-0.3158340889410959,0.011890292643465385,0.0,0.0,0.0,0.0,1.0
-0.7047583640504839,0.712260903396652,-0.8010357201462226,-0.4740167898962786,-1.207460598952633,1.0,0.0,0.0,0.0,0.0
0.14765832022034447,-0.28173603448099516,1.2542738588031954,-0.34118898910011725,-0.49125215421094404,0.0,1.0,0.0,0.0,0.0
-1.2909325608643802,0.9273315200871685,-1.0325726941207518,-0.44260860771090493,-0.7439327775422344,0.0,0.0,0.0,0.0,0.0
0.8326672292376753,1.143901824544642,0.38726297279929084,-0.041552808492014356,-0.02939516887936318,0.0,1.0,0.0,0.0,0.0
-0.458004939355909,-2.1118606224075407,-1.359565928051786,-0.4445118099994631,0.27454055892096535,0.0,1.0,0.0,0.0,1.0
-0.8842923552117115,-0.6283404925760634,-1.2781475677620984,-0.3817568387013966,-0.5129057296626649,0.0,0.0,0.0,0.0,1.0
0.6456760607842903,0.40421560621902386,-0.5212993016543747,-0.15446989133201372,-0.4802015309008799,0.0,1.0,0.0,0.0,1.0
-1.0919095069407967,0.3490665130160013,-1.916733490899198,-0.41725370395694306,-0.28332624345623664,0.0,0.0,0.0,0.0,1.0
0.14765832022034447,0.8617764262729322,0.3415474851347201,0.08984437112229285,0.7710184185905077,0.0,0.0,0.0,0.0,0.0
-0.05136473370323972,0.4992904330294786,1.0258257611568764,-0.40444032270204405,-0.1707793475730891,1.0,0.0,0.0,0.0,0.0
0.9078879981057182,0.5503632121725068,0.258440882058044,0.013208286584638953,-0.5223429393049993,0.0,1.0,0.0,0.0,0.0
0.4281655599916687,-0.8566581933813385,0.09600945890361799,-0.25262657118639226,-0.9389514441200381,0.0,1.0,0.0,0.0,0.0
2.5006610086612815,-0.43669192443251276,0.8904795074877127,4.035803310966377,0.5928357835781991,1.0,0.0,0.0,0.0,0.0
0.9805859417288163,0.7299328796569932,-1.381200904539785,-0.012282053061813314,-1.0524992194460145,1.0,0.0,0.0,0.0,0.0
-0.13284891955097974,-2.028059426968866,-1.179358836036519,-0.4002306010426006,-1.2798942696693487,0.0,1.0,0.0,0.0,0.0
0.2616751099245116,-0.4725394207353919,-0.09011706916256959,-0.30945412268103245,0.19841427264691203,0.0,1.0,0.0,0.0,0.0
0.0011660329287086952,-1.5044973964865351,-0.18107552922006634,-0.026281088070852197,0.7793946273866381,0.0,0.0,0.0,0.0,0.0
-0.6123792132458882,1.4641723052458941,-0.983734681367388,-0.4676916565149845,-0.6217758972824409,1.0,0.0,0.0,0.0,1.0
-0.4047620615168031,0.6518401973701271,-0.85698394083556,-0.44998128304736124,-0.8529981314999736,1.0,0.0,0.0,0.0,0.0
-1.2682480375632676,0.6075892850747758,-0.32234287440848863,-0.4400731173355087,-1.157835926632358,0.0,0.0,0.0,0.0,1.0
2.127774618085361,0.43822718659453747,0.7995841992977795,2.1382632965781627,-0.6590469844764631,1.0,0.0,0.0,0.0,0.0
-0.5308950273981481,0.46060840831294303,-0.3443679604809866,-0.29047918518713406,0.08528488126613486,0.0,0.0,0.0,0.0,0.0
-1.0919095069407967,0.46347782326679365,-0.5754473561149991,-0.41725370395694306,0.7137257247591132,0.0,0.0,0.0,0.0,0.0
-0.6158469697631409,-0.12606543569283934,-0.38016990232510117,-0.3168482850912544,-0.36068911492933603,0.0,0.0,0.0,0.0,0.0
-0.6123792132458882,-0.16312033355287858,-0.5727018403136048,-0.3158340889410959,-0.2541279726124051,0.0,0.0,0.0,0.0,0.0
-0.9375352330508174,0.2104146934908018,-0.49836945471423855,-0.3874026310535003,-1.0302293925270738,0.0,0.0,0.0,1.0,0.0
0.19769090934445038,0.8216448339470124,1.528183121035304,-0.35510428232795055,0.19497760124758967,1.0,0.0,0.0,0.0,0.0
0.5010556480339079,0.326343045906659,-0.5705093819665585,-0.26528738831357507,-0.25152832157337673,1.0,0.0,0.0,0.0,0.0
-0.22621708550138478,-0.10453702927356139,2.160778073043349,-0.4151386080580776,-1.1938275189077954,0.0,1.0,0.0,0.0,0.0
0.14765832022034447,-0.5810425003429521,-0.11565160808176654,-0.34118898910011725,-0.44733550147817724,0.0,1.0,0.0,0.0,0.0
-0.13371423045387223,1.4138324287867396,-0.5699618246359924,-0.2968059858839843,0.46095754966679964,0.0,0.0,0.0,1.0,1.0
1.768864783203683,-0.43669192443251276,0.08548196405331007,1.0629906217581746,0.6799608478560341,1.0,0.0,0.0,0.0,0.0
-0.6123792132458882,-0.1848541164162527,-0.7384984139700772,-0.3158340889410959,-0.8058448260178214,0.0,0.0,0.0,0.0,0.0
0.3020325941103236,0.9206412327339971,-0.11451133198274666,-0.3285387221265155,0.5910004633009069,1.0,0.0,0.0,0.0,1.0
-0.06691181442308872,1.031036614113752,1.221150067180715,-0.4069703760545617,-0.5164579601185174,1.0,0.0,0.0,0.0,0.0
-2.0372703203870812,0.19424964358153296,2.167303850922576,-0.46845351771481963,1.5055382472229841,0.0,0.0,1.0,0.0,0.0
-0.6551856061009469,-0.3330341628807034,-0.6823021026332614,-0.4628147097016329,0.2707234740880631,0.0,1.0,0.0,0.0,1.0
-1.1647995949830356,-0.34686543517272816,-0.7582974913173,-0.42739566545852786,0.21038916344515277,0.0,0.0,0.0,0.0,0.0
-0.6298944773036746,-0.7587883637581281,-0.6183686162801285,-0.3209050696918882,-0.4802013322044216,0.0,0.0,0.0,0.0,1.0
-0.367357494027892,0.4264577725907932,-0.39646815754131975,-0.22962741617762578,0.6914444589592778,0.0,0.0,0.0,0.0,0.0
-0.7454651620415813,1.5706436716008298,-0.24754656486702242,-0.3513309541966424,-0.8058448850899274,0.0,0.0,0.0,0.0,1.0
-0.9292828571473842,-0.2722184094778868,-1.2440034470215013,-0.39037750597774357,-0.02939412809541243,0.0,0.0,0.0,0.0,1.0
1.3155094426663116,-2.4358113129305465,0.5689675855501497,0.3028360919942562,-0.32130432962141725,1.0,0.0,0.0,0.0,0.0
-1.0919095069407967,-1.241986165900235,0.20651201056076315,-0.41725370395694306,0.8696893984608938,0.0,0.0,0.0,0.0,0.0
1.5416004212714647,0.5851730803918473,1.026681967413065,0.6202312850675915,0.09961963338015925,1.0,0.0,0.0,0.0,1.0
-0.05136473370323972,0.6134837196207487,-0.23620739311498856,-0.06228505140147791,-0.38776610282839197,0.0,0.0,0.0,0.0,1.0
-0.458004939355909,0.15556332779785545,1.2475831345783048,-0.4445118099994631,0.43552042742051084,0.0,1.0,0.0,0.0,0.0
0.592006454900076,0.02603474433623063,1.021158647688643,-0.18162903282555604,3.7550049316696077,0.0,1.0,0.0,0.0,0.0
0.14765832022034447,-0.31958018572074837,-1.4000851545048199,0.08984437112229285,-0.2326888447865686,0.0,0.0,0.0,0.0,1.0
-0.13284891955097974,-1.9768625776088649,-0.5621633444212165,-0.4002306010426006,-0.8783169465365457,0.0,1.0,0.0,0.0,0.0
0.021525354338999422,-0.4260971997792635,0.6455866093985096,-0.370709795071359,-0.6689502836374073,0.0,1.0,0.0,0.0,1.0
-0.2764971494901113,1.7028302772893034,-0.01664556497365108,-0.42237120552103186,-0.8520079881156447,0.0,1.0,0.0,0.0,0.0
0.07220119406888045,0.319191170051063,0.49175604595055966,-0.3821758531998891,-0.784221826022496,1.0,0.0,0.0,0.0,1.0
0.0011660329287086952,-1.0520121611259097,-0.18107552922006634,-0.026281088070852197,0.03315777083732468,0.0,0.0,0.0,0.0,0.0
-1.0884590460391563,0.47189027080709006,1.5722466389437044,-0.4886454149264694,-0.4985362458667841,0.0,1.0,0.0,0.0,0.0
-1.0919095069407967,-0.636072416198972,-1.4860373596440766,-0.41725370395694306,0.11021516334147229,0.0,0.0,0.0,0.0,0.0
-0.17749769958458478,-1.718003772055791,0.2356950197707779,-0.407610802535411,-0.1928118377912032,0.0,1.0,0.0,0.0,0.0
-1.5714398006357044,-0.2298125930119935,-1.4896980321265045,-0.5056424568027489,-0.32322037178916935,1.0,0.0,0.0,0.0,0.0
0.14765832022034447,0.6305800704974307,0.3401793082983048,-0.34118898910011725,3.1051609556995974,0.0,1.0,0.0,0.0,1.0
0.9076958536865766,0.47930250400392443,-0.14531485468090982,0.013060682554782781,-0.5939679291230178,0.0,1.0,0.0,0.0,0.0
1.9172804561191557,1.051176696252729,0.9718969339191134,1.441360100627185,0.14628435101960538,1.0,0.0,0.0,0.0,1.0
1.8472673783140374,1.0500365659656494,0.1598956414799389,1.252744623196996,0.5477004751166324,1.0,0.0,0.0,0.0,1.0
-1.9248371284492685,0.20818488460088114,2.1673039901055704,-0.48824743446803615,2.7229004004897064,0.0,0.0,0.0,0.0,0.0
-0.7248124051836999,0.2321753059763094,-0.846702496112746,-0.3462599734458501,-0.2069616166041665,0.0,0.0,0.0,0.0,0.0
0.1982269930416894,0.25339408017321124,-0.04075695299729222,-0.32775702238320226,-0.9321865544628921,0.0,1.0,0.0,0.0,1.0
-0.6123792132458882,0.9008623343516904,-0.7384984139700772,-0.3158340889410959,0.332481977461396,0.0,0.0,0.0,0.0,0.0
-1.0919095069407967,0.31059081595825905,-1.2585608063624765,-0.41725370395694306,0.015725498510562357,0.0,0.0,0.0,0.0,0.0
-0.7047583640504839,0.7711302412836589,1.1433642237475314,-0.3411889926950577,0.07254217599002398,0.0,0.0,0.0,0.0,0.0
-0.7047583640504839,0.6843483064086894,-0.8010357201462226,-0.4666524144778943,-0.36068930747682604,0.0,1.0,0.0,0.0,1.0
1.866804482184477,-0.008817190539824292,-1.2980716791569211,1.6073318090316888,9.603529233190512,0.0,1.0,0.0,0.0,0.0
-0.2057390075932189,-0.6500198434542833,-0.2065755397680504,-0.15356270491574048,0.38244604523144193,0.0,0.0,0.0,0.0,0.0
-0.8842923552117115,0.748241303662207,1.5010916098962936,-0.48413700330634907,-0.3780184939041836,1.0,0.0,0.0,0.0,0.0
-0.7047583640504839,0.2642990075583473,-0.7946286026981266,-0.4740167898962786,-0.09652364144347766,1.0,0.0,0.0,0.0,1.0
0.11821489900452072,1.8861897664620584,-0.011056553979698638,-0.3728146557955739,1.3180834556313046,1.0,0.0,0.0,0.0,1.0
-1.0919095069407967,-2.8142531229410315,-0.5754473561149991,-0.4887930189563256,-1.250570936230484,0.0,1.0,0.0,0.0,1.0
-1.0988624898551447,-1.6526546557136812,-0.5937323696352289,-0.49324519537541245,-0.8894870030737564,1.0,0.0,0.0,0.0,0.0
0.4905997919313179,0.11448413284368815,-0.5982469070633009,-0.22753388611083683,0.5057742210535315,0.0,1.0,0.0,0.0,1.0
0.11821489900452072,0.05678888915530889,-0.2972209762917497,-0.3485691905929277,-0.270666996851735,0.0,1.0,0.0,0.0,1.0
0.5334904618022976,0.3503711380028667,2.1673047415684,-0.2089357783489546,1.1556210852276139,0.0,1.0,0.0,0.0,0.0
0.4281655599916687,0.7717115197519088,0.8894025191877937,-0.29058792183875126,-0.7352250954150893,1.0,0.0,0.0,0.0,0.0
0.8474999929331231,-0.5083590399455452,0.6182877010222108,-0.031220526402079726,-0.2326890562556111,0.0,1.0,0.0,0.0,0.0
-0.6298944773036746,-0.6846903424155311,-0.7800098873386946,-0.3209050696918882,-0.49399126631074947,0.0,0.0,0.0,0.0,0.0
1.3164680054845925,0.3414814136070075,0.8999108923863274,0.3039746160028891,0.3341165367126703,1.0,0.0,0.0,0.0,1.0
-0.9375352330508174,-1.7476495003812682,-1.2577034798114584,-0.3918988002029813,0.2912617969377223,0.0,0.0,0.0,0.0,0.0
1.0620701275765563,1.2020676184430825,1.026586896817223,0.05096928075112722,1.6495058330231536,1.0,0.0,0.0,0.0,1.0
2.220153768889957,0.09153854706779802,0.7342621327485448,2.5177712994558057,0.38906745532708037,1.0,0.0,0.0,0.0,0.0
-0.7027845653459144,0.37251233050537425,0.27086794051881136,-0.34068189461997844,0.5322990811663346,0.0,0.0,0.0,0.0,0.0
-0.9265537965012396,-0.18872558613114013,-0.0863780993968814,-0.4808224013440903,2.2387011978862144,0.0,1.0,0.0,0.0,0.0
-0.059094601569155664,0.24347705126931096,0.73702130157192,-0.3869462383555418,-0.04659632381373901,0.0,1.0,0.0,0.0,1.0
-0.9657765410594515,-0.29510136543400184,-0.5745315730541447,-0.4879320833351255,-0.14407325408807387,1.0,0.0,0.0,0.0,1.0
-0.7047583640504839,-0.7582008221222792,-0.8010357201462226,-0.4740167898962786,0.3146424856029214,1.0,0.0,0.0,0.0,1.0
-1.0919095069407967,-0.9217027126792575,-0.5754473561149991,-0.41725370395694306,-0.6757669939976628,0.0,0.0,0.0,0.0,0.0
0.021525354338999422,0.30306854787475007,0.45544322029519085,-0.391790055939456,-0.9000186566382739,1.0,0.0,0.0,0.0,0.0
-0.6478647337992162,-0.8689989393305367,-1.2413438637560164,-0.32597605044268063,-1.0302294032683605,0.0,0.0,0.0,0.0,1.0
2.39701168712011,0.2952910547882045,0.2777801647851262,3.402151448828339,0.019436988191064486,1.0,0.0,0.0,0.0,1.0
0.20303314420479715,0.8748451939908433,-0.41941216023770805,0.14055417863021658,-0.1440732207625457,0.0,0.0,0.0,0.0,0.0
-1.0919095069407967,-0.9217027126792575,-0.5754473561149991,-0.41725370395694306,-0.6757669939976628,0.0,0.0,0.0,0.0,0.0
-0.8114022671694724,0.08848832022290005,-0.11755886301470912,-0.48034192327757264,0.5477001911040629,1.0,0.0,0.0,0.0,0.0
0.37464590040185364,0.6423211535298455,1.2240192965138037,-0.2724055111871242,0.3433124485997032,0.0,1.0,0.0,0.0,1.0
0.5010556480339079,0.9661535932780011,-1.4827490147232634,-0.26528738831357507,-1.1125561055710478,1.0,0.0,0.0,0.0,0.0
-0.013960166214328612,-0.258810766343358,-0.5795259970303765,-0.3780899965641693,0.2214662250288466,0.0,1.0,0.0,0.0,0.0
0.655429921923887,-1.5917669015597011,-0.9679331993037091,-0.2020360545006346,-0.24110920679107584,1.0,0.0,0.0,0.0,1.0
-0.3649343182521994,1.124877786663061,0.21276670631060102,-0.4459331976833331,-0.4739960573090986,1.0,0.0,0.0,0.0,1.0
0.9266509017742743,0.945038349808642,1.5342388322002214,0.027821085540403592,-0.2724861806176178,0.0,1.0,0.0,0.0,1.0
0.3001852873340068,0.3043643082818222,1.023918539510758,0.23994540134574674,0.17421963656553952,0.0,0.0,0.0,0.0,0.0
-0.6123792132458882,-2.8142531229410315,-0.11660563549270841,-0.4676916565149845,-0.8783169465365457,1.0,0.0,0.0,0.0,0.0
-0.8542086600245311,-1.870984944011218,-1.753508965422896,-0.4826189712948385,-0.592363914350819,1.0,0.0,0.0,0.0,0.0
0.5010556480339079,1.0264261174212155,-1.2547062129944426,-0.26528738831357507,-0.8538148285568501,1.0,0.0,0.0,0.0,1.0
-0.8114022671694724,-1.241986165900235,-0.10224963746788485,-0.4740326159707048,-0.6314591473561947,0.0,1.0,0.0,0.0,1.0
-0.5008113322109677,-3.119588730878143,-1.05670111752937,-0.44893993089514933,-0.7479140766253402,0.0,1.0,0.0,0.0,0.0
-1.1647995949830356,0.472084212083538,-0.7582974913173,-0.42739566545852786,-0.18385980803525656,0.0,0.0,0.0,0.0,0.0
0.021525354338999422,0.9461520128353117,-0.8226955294094059,-0.391790055939456,-1.0302294891986434,1.0,0.0,0.0,0.0,0.0
-0.6141109187224668,-1.3404435371592947,-1.4864919668224152,-0.45941981701494017,-0.7939210274053846,0.0,1.0,0.0,0.0,0.0
-1.2208152860597923,-0.41778228158407327,2.1673044868530296,-0.3541143003941694,0.6357440776637566,0.0,0.0,1.0,0.0,0.0
0.3466813741439281,1.0095827647182334,-0.5706463078170934,-0.31588845536392746,-0.42257937104624627,1.0,0.0,0.0,0.0,0.0
1.2878940136625412,-0.04687522377365811,0.4504107150694719,0.40229250928560417,1.3023622016784147,0.0,1.0,0.0,0.0,0.0
0.254302223339333,0.060376113293893224,-1.330896678289438,-0.3411889888891036,-0.6387334542887394,1.0,0.0,0.0,0.0,0.0
-0.6478647337992162,-0.16312033355287858,-0.8215213607073111,-0.32597605044268063,-0.19281167939079255,0.0,0.0,0.0,0.0,0.0
-0.5688122410584753,0.03798336931271184,-0.23807968475966443,-0.30264953898903574,-0.4295711259124554,0.0,0.0,0.0,0.0,1.0
-0.33187197347456393,1.5132409771376263,-0.8766370609961873,-0.44239112298980837,-0.9238906870661892,1.0,0.0,0.0,0.0,0.0
-0.6123792132458882,0.9008623343516904,-0.7384984139700772,-0.3158340889410959,0.5183930962561867,0.0,0.0,0.0,0.0,0.0
0.5669927531617989,-0.6315095608570915,0.1808246036717656,-0.1935849592439089,2.919492309254782,0.0,1.0,0.0,0.0,1.0
-1.2909325608643802,0.503037858994569,2.1673044571626625,-0.44260860771090493,-0.25002657400255723,0.0,0.0,0.0,0.0,0.0
0.0011660329287086952,-0.7724986679995727,0.06503127009649709,-0.026281088070852197,0.48374576229080085,0.0,0.0,0.0,0.0,0.0
-0.8946181584937911,-1.0488265237123744,-1.1846366382650209,-0.4846430139768526,-0.04943515203997653,1.0,0.0,0.0,0.0,1.0
-0.5308950273981481,0.11767664330928947,-0.8191232726059224,-0.29047918518713406,-0.4802015309008799,0.0,0.0,0.0,0.0,0.0
1.518146786188336,0.2026077166304308,0.6464845681606106,0.7658412348214453,-0.741332178343723,0.0,1.0,0.0,0.0,0.0
-0.9375352330508174,-2.272372339797593,-1.2577034798114584,-0.48666705665886667,1.0785217487977936,1.0,0.0,0.0,0.0,0.0
-0.9375352330508174,1.1942594166944518,0.45222538194436596,-0.3918988002029813,0.24583550426617798,0.0,0.0,0.0,0.0,0.0
-1.2682480375632676,0.7225199343804652,-0.6339914871946498,-0.4400731173355087,-0.12355169739808143,0.0,0.0,0.0,0.0,1.0
-1.0919095069407967,-1.0930930854916285,-1.4860373596440766,-0.41725370395694306,-0.49853564166963243,0.0,0.0,0.0,0.0,1.0
0.5977451926994292,1.4206452108269856,-1.0821287176769931,-0.2273365880258108,-0.7174683416672812,1.0,0.0,0.0,0.0,1.0
1.5020573173758915,0.263263718418197,0.5879910183581152,0.5569799512546509,0.28915851943417636,1.0,0.0,0.0,0.0,0.0
-0.22522807035557543,-1.1353795299188827,-0.7155457761286012,-0.4297408562272203,0.2764167666239883,1.0,0.0,0.0,0.0,1.0
-0.673834066115083,2.236125956735714,-0.727968878599785,-0.4719927472142645,-1.0408632239936748,1.0,0.0,0.0,0.0,1.0
-0.9375352330508174,0.08510051625430906,0.45222538194436596,-0.3918988002029813,4.31202568043661,0.0,0.0,0.0,0.0,1.0
-0.33302596202682344,-0.21319824915928084,-0.022508520350880374,-0.21492157200032794,-0.03869253363584131,0.0,0.0,0.0,0.0,0.0
2.1907103476741328,0.9314935936023531,1.2233871860309953,2.391268631829924,-0.2940381919094251,1.0,0.0,0.0,0.0,1.0
1.5856003196161017,-0.6634031761733357,0.33977996802911364,0.8973564254233268,-1.2317133434338787,0.0,1.0,0.0,0.0,1.0
0.9805859417288163,0.7298753956938746,-1.321573556093298,-0.012282053061813314,-1.0497666273223027,1.0,0.0,0.0,0.0,0.0
2.1274780619716545,-0.5582087479526385,-0.266361899794423,2.1371247725695293,0.007347774778203788,1.0,0.0,0.0,0.0,0.0
0.3466813741439281,1.1005833596644081,-0.309977561268447,-0.31588845536392746,-0.20696181947028866,1.0,0.0,0.0,0.0,0.0
-0.3307199066360198,0.5063954144787869,2.167304687309405,-0.42960380298398604,-0.46488422225039433,0.0,1.0,0.0,0.0,0.0
-0.8114022671694724,1.1582312425208012,1.0153716594977134,-0.48034192327757264,-0.5154148135453991,1.0,0.0,0.0,0.0,0.0
-0.33187197347456393,1.7653491481206272,-0.9557833190827202,-0.44239112298980837,2.01068525879784,1.0,0.0,0.0,0.0,1.0
0.27379128610168957,0.023754272636863537,-0.12322223753021018,0.21154790914130947,-0.5384894782093554,0.0,0.0,0.0,0.0,1.0
-1.0919095069407967,-0.5133377239102683,-0.12515605316971457,-0.4887930189563256,0.8306916059620725,0.0,1.0,0.0,0.0,0.0
0.4342878652276648,1.5630693782110716,0.2762361774159367,0.4022167853711023,-0.2874219488491227,0.0,0.0,0.0,0.0,0.0
-0.9077459902948404,0.5977687749798523,0.9941904184446164,-0.4797891731350969,2.215898851922535,0.0,1.0,0.0,0.0,0.0
-0.7047583640504839,-1.4710007956719373,-1.5983195987149243,-0.4740167898962786,-0.47399593272289364,1.0,0.0,0.0,0.0,0.0
0.9188777546648111,0.5867508376914217,0.8415496478973713,0.021719134946147873,-0.7491040061309218,0.0,1.0,0.0,0.0,0.0
-0.458004939355909,-0.48452966761359695,-0.7675772127258382,-0.26512428143317235,-0.29849240721291287,0.0,0.0,0.0,0.0,0.0
-0.17749769958458478,0.6004665454880801,-0.49540592701261726,-0.13834976266336332,-0.9131592151579474,0.0,0.0,0.0,0.0,1.0
-0.7371299289637668,0.45320990236850195,-0.8741025616926602,-0.34930256189632547,-0.21015939568567954,0.0,0.0,0.0,0.0,0.0
-0.7008163820079764,-1.2710087215022967,-0.6136038311826038,-0.46635720641818196,0.12982966589843525,0.0,1.0,0.0,0.0,0.0
-0.6123792132458882,-0.8537988164171822,-1.1804751388155477,-0.3158340889410959,-0.6724541781900871,0.0,0.0,0.0,0.0,1.0
0.781332244036912,0.13908297139457346,-0.11489144067797007,-0.13891122335531997,-0.21223900430446396,1.0,0.0,0.0,0.0,0.0
-0.6123792132458882,-2.511844770746822,-0.5727018403136048,-0.4676916565149845,-0.6757672088233321,1.0,0.0,0.0,0.0,0.0
-0.05136473370323972,0.737434248462718,0.8888909358907513,-0.3854701980569798,-0.6172633286685003,0.0,1.0,0.0,0.0,0.0
-1.0919095069407967,-1.172029677910132,-1.4860373596440766,-0.41725370395694306,-0.12216823867160458,0.0,0.0,0.0,0.0,0.0
-0.6478647337992162,0.5597452984534406,-0.6640353922466519,-0.4702217098675022,0.8306985988728277,1.0,0.0,0.0,0.0,1.0
0.13661692368781864,-0.46308819453227834,1.3435902576419407,-0.3439934656673852,0.054859602466339086,0.0,1.0,0.0,0.0,0.0
1.9396465291186331,0.5197336997662756,0.5843453616753073,1.8433506527717658,-0.8787676037072962,0.0,1.0,0.0,0.0,0.0
-0.26071359090890345,-0.2835271981197084,-0.3617581072535687,-0.4201571450731887,1.0256512213971152,0.0,1.0,0.0,0.0,1.0
1.4771989793194582,0.7669086925935459,-0.0570094653540419,0.692039219893341,-0.9555048268309534,0.0,1.0,0.0,0.0,0.0
-1.0581556918640471,0.776807899887582,-0.8056709084851524,-0.49172716336390193,0.5851454802701764,1.0,0.0,0.0,0.0,1.0
0.2009011980594498,0.1915174716935788,2.167304728115931,0.7693927915391766,-0.1440733290705069,0.0,0.0,1.0,0.0,0.0
-1.2909325608643802,0.9129475577399776,-1.7150516744317912,-0.44260860771090493,-0.05123774520399619,0.0,0.0,0.0,0.0,0.0
0.682563437899705,0.8475600996235381,-0.38174569591386726,-0.13454334730142556,-0.26592006541180546,0.0,1.0,0.0,0.0,0.0
0.14245014523381488,-0.5897287324090886,-0.2658210928563653,-0.3425174253688231,-0.6314598784345868,0.0,1.0,0.0,0.0,0.0
1.5260533405516177,0.03068293740501335,0.9517560616589946,0.780601637807066,-0.5545033878797526,0.0,1.0,0.0,0.0,0.0
0.7086727997629924,-0.5439332717955229,0.22501028108759688,-0.11978294431580473,-1.1772414417784112,0.0,1.0,0.0,0.0,0.0
-0.458004939355909,-0.30017923208293246,0.45437194994217583,-0.26512428143317235,0.7516629710835138,0.0,0.0,0.0,0.0,1.0
0.27379128610168957,1.2935349609977633,0.8892746617510904,-0.30576402193462726,-0.3748354065908408,0.0,1.0,0.0,0.0,0.0
-0.458004939355909,-1.108379493378136,-1.19602086203684,-0.4550413897523965,0.016714008043333752,1.0,0.0,0.0,0.0,0.0
0.007548798644758132,-1.5823115101897038,-0.16053576009695225,-0.37366187566848313,-0.6979207657655635,0.0,1.0,0.0,0.0,0.0
0.4652059179556267,0.4964379905132237,-0.6626824578847904,-0.27806415774378906,-0.5223428220457611,1.0,0.0,0.0,0.0,0.0
0.5010556480339079,0.3411022403827181,1.469456417197365,-0.2231057652151506,-0.46617169343253156,0.0,1.0,0.0,0.0,0.0
0.254302223339333,1.063035484829972,0.16019508529013465,0.19126398613814005,0.11937826825467622,0.0,0.0,0.0,0.0,0.0
-0.33187197347456393,-1.1816341204924927,2.167304687182469,-0.2144144739252487,0.6586787234629038,0.0,0.0,0.0,0.0,1.0
0.8262116678388377,0.8264182875171193,0.5246162725074808,-0.04598092938770061,-0.2508974504566598,0.0,1.0,0.0,0.0,1.0
-1.3386629316353715,-0.5375102783411808,-1.7600380154432183,-0.44767958846169725,1.1873223901112668,0.0,0.0,0.0,0.0,0.0
1.3528523027292378,-1.6246618314772114,0.21157078630227402,0.492921383617316,-0.8492274244403547,0.0,1.0,0.0,0.0,0.0
-1.2462837808307758,0.0983075067624803,-0.5768221782925962,-0.43753762696011256,-0.12355169739808143,0.0,0.0,0.0,0.0,1.0
-0.2764971494901113,0.30306854787475007,0.5689675588494849,-0.18905957017128694,0.8306981856544439,0.0,0.0,0.0,0.0,1.0
0.3247171174114369,0.6680362957358456,0.4375424383141434,-0.32221358874522144,-0.58429274361102,1.0,0.0,0.0,0.0,1.0
-0.6478647337992162,-0.12216884285371943,-0.8215213607073111,-0.32597605044268063,-0.5301213670443002,0.0,0.0,0.0,0.0,1.0
-0.8114022671694724,-1.6014071005047565,-0.6875832209275924,-0.3665438964490195,-1.328375409443662,0.0,0.0,0.0,0.0,1.0
-1.9248371284492685,0.4319045004589887,-1.0422206064393509,-0.48824743446803615,-0.25359814582057477,0.0,0.0,0.0,0.0,1.0
-0.9375352330508174,0.3791702885380885,-0.11832201810924618,-0.4814128174635152,-0.40921110137834965,0.0,1.0,0.0,0.0,1.0
-1.3386629316353715,0.4319045004589887,0.15191427504467545,-0.44767958846169725,-0.4407428988571702,0.0,0.0,0.0,0.0,0.0
0.9240282548008701,-1.2810752167132684,0.6645894081595731,0.025754629122416633,-0.1276904479911622,0.0,1.0,0.0,0.0,1.0
-1.5714398006357044,-0.636072416198972,-1.8302449765505038,-0.4679635114648667,-0.1284768106237141,0.0,0.0,0.0,0.0,0.0
-0.458004939355909,1.0121356858330515,-0.6423093931626914,-0.26512428143317235,1.8054643391443495,0.0,0.0,0.0,0.0,1.0
-0.9430920177583377,-1.4635834958226963,0.4293576583835443,-0.48692006199411847,-0.6612992136578295,1.0,0.0,0.0,0.0,0.0
-0.8114022671694724,-0.7219833734598743,-1.4848187635178907,-0.3665438964490195,0.2226726377399184,0.0,0.0,0.0,0.0,0.0
-0.458004939355909,-2.0128815788153758,-0.6423093931626914,-0.4445118099994631,0.6057510312671197,0.0,1.0,0.0,0.0,1.0
-0.33187197347456393,0.6488682458414794,-0.4414792190079909,-0.44239112298980837,-0.48199400834592976,1.0,0.0,0.0,0.0,1.0
-0.3307199066360198,-0.2020445628217247,1.8821727612216352,-0.42960380298398604,-0.512906050076993,0.0,1.0,0.0,0.0,0.0
-1.6443298886779443,-0.636072416198972,-1.887271362896705,-0.4730344922156591,-0.18941138063754437,0.0,0.0,0.0,0.0,0.0
-1.1647995949830356,1.5613146564043952,-0.7615705086719611,-0.42739566545852786,-0.21369990562316915,0.0,0.0,0.0,0.0,1.0
1.2008973207466864,0.05340200600357016,0.1141495111852977,0.29350833928157855,-1.043862536866029,0.0,1.0,0.0,0.0,0.0
-0.458004939355909,-0.2909852819234105,0.13463084984671353,-0.4550413897523965,0.7857090004886201,1.0,0.0,0.0,0.0,1.0
2.3745280427799367,-0.4067173763118475,0.28875164885199406,3.27678730521109,-0.32922531115121434,1.0,0.0,0.0,0.0,0.0
-0.4862462473645431,0.5404617107142368,1.2533592671035974,-0.4575714431049141,-0.6899454669954533,1.0,0.0,0.0,0.0,0.0
0.05527916941574879,-1.7520338949829508,0.42194151717796446,-0.3633295935785485,-0.5974554669001378,0.0,1.0,0.0,0.0,0.0
-2.2053443682205924,0.6142110531521937,2.1673035935728437,-0.49838939596962084,-0.42257948427293834,0.0,0.0,0.0,0.0,0.0
-1.0919095069407967,-0.9442978606819884,-1.4860373596440766,-0.41725370395694306,-0.13648730659614292,0.0,0.0,0.0,0.0,0.0
2.127774618085361,0.43822718659453747,0.7995841992977795,2.1382632965781627,-0.6590469844764631,1.0,0.0,0.0,0.0,0.0
1.1054205350488895,0.057575826761505744,-1.028170084595261,0.08778155703025856,-0.5270192557955754,1.0,0.0,0.0,0.0,1.0
-1.7258140745256842,-1.8178970719708327,2.167304185862259,-0.5065055025390706,-0.3840169931016017,0.0,1.0,0.0,0.0,0.0
-0.8738659659727045,0.8259690373839802,-1.1476465497321364,-0.37967773659357174,-0.9901015678833182,0.0,0.0,0.0,0.0,1.0
0.5010556480339079,0.9660111461032712,-1.4827490147232634,-0.26528738831357507,-1.1125561055710478,1.0,0.0,0.0,0.0,0.0
-0.33187197347456393,0.900415023830519,1.086345942644073,-0.4297514070138423,0.28915851943417636,0.0,1.0,0.0,0.0,0.0
0.3020325941103236,1.1803999356402908,-0.684727601973491,-0.3285387221265155,0.11341350192913963,1.0,0.0,0.0,0.0,1.0
-0.33187197347456393,-1.0393912300440893,0.8239269384117812,-0.2144144739252487,-0.36561227343796837,0.0,0.0,0.0,0.0,0.0
-0.6123792132458882,-0.598146021064089,-0.11660563549270841,-0.4676916565149845,0.7857093548671751,1.0,0.0,0.0,0.0,0.0
-1.0291241884791895,-1.5639277247451977,-1.3992704853076814,-0.4076188405304377,0.4627384859139878,0.0,0.0,0.0,0.0,0.0
0.9805859417288163,-1.9564496862037675,-0.5702355713469428,-0.012282053061813314,-0.972921051882444,1.0,0.0,0.0,0.0,0.0
-0.33187197347456393,1.9225238440710586,-0.2911076279893038,-0.44239112298980837,1.0678047457521798,1.0,0.0,0.0,0.0,1.0
0.254302223339333,0.43848671890516766,-1.2341600424325798,-0.3411889888891036,-0.9642260085689514,1.0,0.0,0.0,0.0,1.0
-1.44530683475436,-2.130475704993435,-0.5791166139361581,-0.457821549963282,-0.2940381919094251,0.0,0.0,0.0,0.0,0.0
-0.09090783759881291,0.03387544787061465,0.8600107536651448,-0.3928503995497902,-0.294038261123975,0.0,1.0,0.0,0.0,1.0
-0.33187197347456393,-2.169956061773024,-1.0277704564062053,-0.44239112298980837,-0.5595496108844396,1.0,0.0,0.0,0.0,1.0
-0.05136473370323972,0.6134837196207487,-0.23620739311498856,-0.06228505140147791,-0.38776610282839197,0.0,0.0,0.0,0.0,1.0
-0.25553142453068456,-2.777700021904345,-0.358747352119222,-0.41941912492390765,-0.47648377979836176,0.0,1.0,0.0,0.0,1.0
1.0921538227637362,-1.4079481171427157,2.167304753635902,0.07626981427630343,1.41555856008567,1.0,0.0,0.0,0.0,0.0
-0.8114022671694724,1.5706488985786133,-0.6875832209275924,-0.3665438964490195,-0.5408829500564035,0.0,0.0,0.0,0.0,1.0
-0.7887177438683591,2.3152224893853526,0.5729669742463471,-0.4790768966013138,0.24583554140033848,1.0,0.0,0.0,0.0,1.0
-0.9320227259827022,-0.09312318516294428,-1.248570124618154,-0.4864140513236149,0.9684937399931411,1.0,0.0,0.0,0.0,0.0
-1.44530683475436,0.6646031626404633,-1.3068478969242039,-0.5031124034502312,-0.47136880402214054,1.0,0.0,0.0,0.0,0.0
0.021525354338999422,0.5573043112298357,0.45544322029519085,-0.01157524389355435,-0.25238116584023806,0.0,0.0,0.0,0.0,0.0
-0.8230297001425221,0.061603220699331544,-2.126500416031756,-0.36907938682441566,-0.5168698383622753,0.0,0.0,0.0,0.0,1.0
-1.0919095069407967,-1.870984944011218,-1.4860373596440766,-0.41725370395694306,1.3023616539400353,0.0,0.0,0.0,0.0,0.0
-0.028680210402127117,-3.2855506821206237,-0.46747511135794373,-0.3810420771612935,0.8306916059620725,0.0,1.0,0.0,0.0,0.0
0.8880091009738347,0.5610422356541768,1.7234555053102654,1.2556628457294563,0.2552310618825661,0.0,0.0,0.0,0.0,0.0
-0.458004939355909,1.5634407907580485,-0.1160340806483686,-0.4550413897523965,-0.191623008579247,1.0,0.0,0.0,0.0,1.0
2.4811719458989243,0.5118814241450392,1.6993839474305417,3.9093006433404955,1.0862213445523519,1.0,0.0,0.0,0.0,0.0
-0.9686651297097515,0.3759409141102258,-0.8414694430508811,-0.39747687902885287,0.36035425183518427,0.0,0.0,0.0,0.0,0.0
0.14765832022034447,1.232296580928331,-1.4829923928124487,-0.36648952241427984,-0.9447786131583995,1.0,0.0,0.0,0.0,1.0
0.168107571862264,-1.4562760859471688,1.3638375636960391,-0.33587524402529373,-0.22205513212931427,0.0,1.0,0.0,0.0,0.0
-0.5308950273981481,-1.3699877650944619,-0.5309410471269922,-0.29047918518713406,1.292432806305225,0.0,0.0,0.0,0.0,0.0
2.0940208030086116,0.43822718659453747,0.8648457154098288,2.011760628952282,-0.4373673569997537,1.0,0.0,0.0,0.0,0.0
-1.0919095069407967,0.5946782342743616,-0.5754473561149991,-0.41725370395694306,-0.7100697521356154,0.0,0.0,0.0,0.0,1.0
3.03548629681462,0.20627743433227191,0.14843206962477767,9.347776827244743,-0.09194627049903573,1.0,0.0,0.0,0.0,0.0
1.8472673783140374,0.7800899348248908,0.8804895246797008,1.252744623196996,0.4906618996497005,1.0,0.0,0.0,0.0,1.0
0.3886224560960949,0.09289979087513403,1.5297641732133924,-0.2673869741720131,-0.7939210826821813,0.0,1.0,0.0,0.0,1.0
-1.025972401812905,2.3152224893853526,-0.9675172199474187,-0.4904621366876431,0.7516629710835138,1.0,0.0,0.0,0.0,1.0
0.3020325941103236,0.6524795249320572,1.4579286141666972,-0.29690778014325475,0.9578417536050876,0.0,1.0,0.0,0.0,1.0
-0.6123792132458882,-0.34229600434058916,2.167304649005969,-0.4676916565149845,0.8306974545760518,1.0,0.0,0.0,0.0,0.0
0.254302223339333,-1.053078628881864,0.3922650701400256,-0.31166818312887556,-0.8623260573924989,0.0,1.0,0.0,0.0,0.0
-1.0919095069407967,1.1942594166944518,0.6415150414868591,-0.41725370395694306,-0.7100697521356154,0.0,0.0,0.0,0.0,0.0
-0.36614484520440005,-0.09818054119343815,0.20820002871394855,-0.22912031810254652,0.7516629710835138,0.0,0.0,0.0,0.0,1.0
0.43581001320513074,0.3501849741414484,0.9379166144867493,-0.24967449058926808,-1.0764639794024147,0.0,1.0,0.0,0.0,0.0
0.14765832022034447,0.4980962551699435,-0.5708745480057922,0.08984437112229285,-0.1440732072240502,0.0,0.0,0.0,0.0,1.0
1.5790049887603752,-1.2913514455916815,1.216785766101306,0.6834826188805319,0.65867993771077,1.0,0.0,0.0,0.0,1.0
0.655429921923887,1.081793580143989,-0.11420702593570922,0.7490718687252996,-1.0938508586590312,0.0,0.0,0.0,0.0,0.0
-0.6281228605181798,-1.286186569655787,-0.16799361818184788,-0.46060064925378974,0.4627384859139878,0.0,1.0,0.0,0.0,0.0
-0.47623012238483736,1.0058023681540404,-1.285658668729746,-0.45668592443153294,-0.004820245591725093,1.0,0.0,0.0,0.0,0.0
0.3020325941103236,1.6456620465578098,-0.680870281834126,-0.3285387221265155,-0.8403387365177527,1.0,0.0,0.0,0.0,1.0
1.3872261473814849,-0.3390219893149305,0.8911004321566799,0.5444351900371328,1.472621454112782,0.0,1.0,0.0,0.0,0.0
2.3510744076968075,0.7371794239511673,2.16730476177139,3.15028463758521,0.5251731938611749,1.0,0.0,0.0,0.0,0.0
0.3020325941103236,0.6944574673353381,0.34173013665877366,-0.3285387221265155,3.023932540244362,1.0,0.0,0.0,0.0,1.0
0.9076958536865766,0.5463763966705196,-0.6582607392233998,0.013060682554782781,0.2663571748214801,0.0,1.0,0.0,0.0,1.0
1.5787136364812029,-1.9179958462254316,-0.11375072021784242,0.883334042586987,-0.39562713953436673,0.0,1.0,0.0,0.0,0.0
-0.8114022671694724,-0.11942726330413436,-0.11755886301470912,-0.3665438964490195,-0.14407313411616796,0.0,0.0,0.0,0.0,1.0
-0.7047583640504839,0.029257383970579524,-1.3326469511667192,-0.4740167898962786,-0.7236672426831832,1.0,0.0,0.0,0.0,0.0
0.3020325941103236,0.8478543624938165,-1.4164650960366099,-0.3285387221265155,-0.07684752829016393,1.0,0.0,0.0,0.0,1.0
-1.2909325608643802,-0.5375102783411808,-1.7143712394766941,-0.44260860771090493,1.1898248378570395,0.0,0.0,0.0,0.0,1.0
1.6144905093137045,0.21882961194539385,1.1144289321837437,0.7467339526934724,-0.05464457461378812,1.0,0.0,0.0,0.0,0.0
-0.021281038516059277,1.9534524833925406,-0.014904994669340752,-0.39938021599700885,-0.9795920587161187,1.0,0.0,0.0,0.0,1.0
-0.7454651620415813,1.0632987261743023,1.3669343243772205,-0.3513309541966424,-0.777674917211192,0.0,0.0,0.0,0.0,0.0
2.3745280427799367,0.3082312898193501,1.0267485074021783,3.27678730521109,0.3590349521864323,1.0,0.0,0.0,0.0,0.0
1.4601162354237247,-1.0573677093428848,0.03963846723255734,0.49372861744171037,-0.04446142457897516,1.0,0.0,0.0,0.0,0.0
2.6234388719793693,-0.09358080803013544,0.18612747868014032,5.827331022620686,-0.6671214679109767,0.0,1.0,0.0,0.0,0.0
-1.0581556918640471,-0.9788787833815981,-0.48402228851384815,-0.41218272320615074,-0.08118460131736702,0.0,0.0,0.0,0.0,1.0
-1.0919095069407967,-0.5293204258920157,-0.11946770707616865,-0.49299219004016076,0.04705860513210013,1.0,0.0,0.0,0.0,0.0
-0.9292828571473842,-0.015545663067139105,1.2548824545369586,-0.2676141968559383,2.1599294874362482,0.0,0.0,1.0,0.0,0.0
0.22708963816214076,0.7371227783989966,0.2788492325285024,0.16388069008386139,-0.16549666878791128,0.0,0.0,0.0,0.0,0.0
1.4154674553901196,1.0201152338976527,1.8821371767549282,0.43047728362877,2.860517510314133,1.0,0.0,0.0,0.0,1.0
-0.8137121724094776,-1.2810752167132684,0.3296608131363922,-0.474180220000561,-0.38915856438088525,0.0,1.0,0.0,0.0,0.0
2.0585352824552823,-0.21300379177652476,0.4944749809905039,2.286162742340391,-0.8744655200495091,0.0,1.0,0.0,0.0,1.0
-1.0919095069407967,0.3501229039035292,-0.11946770707616865,-0.4887930189563256,-0.347756949682647,0.0,1.0,0.0,0.0,0.0
0.655429921923887,-0.17629795655998373,0.49510894993828447,-0.14930375028704643,-0.42257960828310676,0.0,1.0,0.0,0.0,0.0
0.5010556480339079,-0.6552343587144258,1.2545174408738071,-0.2231057652151506,-1.3715636157515836,0.0,1.0,0.0,0.0,1.0
0.5010556480339079,1.1636767050188468,0.4462093095473648,-0.2231057652151506,-0.7025910448142394,0.0,1.0,0.0,0.0,1.0
-1.1647995949830356,-1.905816433718996,0.33635712763110465,-0.42739566545852786,1.2484535370097076,0.0,0.0,0.0,0.0,1.0
-1.4687604698374888,0.18566086406032706,-1.8696382777628748,-0.4598499422635989,1.908077355154494,0.0,0.0,0.0,0.0,0.0
-0.05136473370323972,-0.8609785813978917,-1.2226605181643906,-0.40444032270204405,-0.6873885778734797,1.0,0.0,0.0,0.0,0.0
1.3217693032771645,-0.13660940208831976,-0.2605634207060544,0.4484925706305973,-0.8252390775779794,0.0,1.0,0.0,0.0,0.0
0.8882067909242206,0.9221617781365951,0.3597798621282486,-0.0016997204308380278,-0.3713205514864342,0.0,1.0,0.0,0.0,1.0
-0.7433719199705773,0.38723878491647323,0.6222210294600741,-0.3508238561215632,2.3432745053772357,0.0,0.0,0.0,0.0,0.0
-0.14067595940619318,-1.7885869960196372,-0.591870911682344,-0.4182291134732651,-0.5744919716941403,1.0,0.0,0.0,0.0,0.0
-1.4395655903799223,0.2504398511691741,-1.8468048897796128,-0.5029859007826053,-0.16018509651086066,1.0,0.0,0.0,0.0,1.0
0.20303314420479715,0.5717326484984714,-0.701127399938137,-0.3538392556516917,-0.4075250265548021,1.0,0.0,0.0,0.0,1.0
-1.0073573959914144,0.9452798569370457,1.7110935026363499,-0.4897031206818878,2.0839741167279575,1.0,0.0,0.0,0.0,0.0
1.367737084619129,0.012067854819118698,0.06155310453248661,0.3672259498158295,-0.33101568504142076,1.0,0.0,0.0,0.0,0.0
0.05527916941574879,-0.8931010113219883,-0.4797784371347561,-0.3633295935785485,-0.37466427284763304,0.0,1.0,0.0,0.0,0.0
0.20303314420479715,1.194886850259705,-0.7016113081657374,-0.32642858611449643,-0.4407428988571702,0.0,1.0,0.0,0.0,1.0
-0.8114022671694724,0.9851358152118221,-0.6854438437859176,-0.3665438964490195,-0.6314591051785732,0.0,0.0,0.0,0.0,1.0
-1.054869148976838,-0.4052797735891934,0.006304772508348951,-0.4116756251310715,-0.2765664513584419,0.0,0.0,0.0,0.0,1.0
-0.6123792132458882,-1.3462125052037344,-0.37002060107042717,-0.4676916565149845,0.03315811609292213,1.0,0.0,0.0,0.0,0.0
-0.33187197347456393,1.922518721855927,0.3406336790168674,-0.44239112298980837,0.08261788719351029,1.0,0.0,0.0,0.0,1.0
-0.33187197347456393,-0.9316174413828867,-0.2911076279893038,-0.4297514070138423,-0.525268815012875,0.0,1.0,0.0,0.0,0.0
-1.6443298886779443,-0.2503501619060001,-1.7169633481527329,-0.5069074834790076,-0.2874219488491227,1.0,0.0,0.0,0.0,0.0
0.11821489900452072,-2.4917096834295926,0.3655231671649366,-0.3485691905929277,-0.04659632381373901,0.0,1.0,0.0,0.0,0.0
2.2483950768985914,1.0800301133210473,1.1693118014176962,2.6442739670816864,0.8120725166087879,1.0,0.0,0.0,0.0,0.0
-0.7248124051836999,-1.1985469023551372,-1.621141564407273,-0.4752818165725374,0.15585595248073325,1.0,0.0,0.0,0.0,0.0
0.14765832022034447,-0.391687883171631,0.4841259133131228,-0.34118898910011725,-0.9403657216612212,0.0,1.0,0.0,0.0,0.0
0.3020325941103236,0.4294265588662389,2.167304732910224,-0.29690778014325475,0.3146428397586538,0.0,1.0,0.0,0.0,0.0
-1.0919095069407967,1.4572089388925036,-1.184326108211265,-0.41725370395694306,-0.16549677472856902,0.0,0.0,0.0,0.0,1.0
0.0208747414849592,0.3066067806687929,1.1568790044989128,-0.3708485428594237,0.6914451220689531,0.0,1.0,0.0,0.0,0.0
0.20303314420479715,0.957514985068856,1.3113739775543758,0.14055417863021658,0.24583529631490011,0.0,0.0,0.0,0.0,1.0
-0.3125430718372821,1.1105408457686123,-0.03324289830779809,-0.42724213850628673,0.7516625865863454,0.0,1.0,0.0,0.0,0.0
0.3020325941103236,-1.2595183915309585,-0.44091925378357266,-0.29690778014325475,-0.8403388857175021,0.0,1.0,0.0,0.0,0.0
0.14765832022034447,0.9111396108104199,0.09267493633353889,0.08984437112229285,-0.5223428220457611,0.0,0.0,0.0,0.0,0.0
0.11821489900452072,0.48495480681859265,1.1021020464520237,0.06448946736833107,3.755000057830311,0.0,0.0,0.0,0.0,1.0
-0.24630023673019297,-0.7236229577229808,-0.3313564258960109,-0.41809068865520177,-0.7010856961411278,0.0,1.0,0.0,0.0,0.0
1.283777704801253,0.4842931821117796,0.1763844381895887,0.3968311601809245,-0.9996282939827019,0.0,1.0,0.0,0.0,0.0
-0.2981181583978146,0.23578881037943725,-0.3303689523375585,-0.1992015316728716,-0.5384894782093554,0.0,0.0,0.0,0.0,1.0
-0.5448715830923895,0.3897655817311789,2.1673046596602488,-0.0806944328882666,0.22012723950695057,0.0,0.0,1.0,0.0,0.0
0.20303314420479715,0.060376113293893224,-1.4069445355509436,-0.3538392556516917,-0.5425986265514857,1.0,0.0,0.0,0.0,0.0
0.655429921923887,0.41652118002023575,-1.2546206538791833,-0.2020360545006346,-0.8403386938892473,1.0,0.0,0.0,0.0,1.0
-1.8181932253302793,-1.3442820090212702,-1.342011398575544,-0.48317645371724377,0.06957548788238406,0.0,0.0,0.0,0.0,0.0
2.440276445089909,0.2952910547882045,0.7472405772186432,3.655156784080101,-0.2049963475672259,1.0,0.0,0.0,0.0,1.0
-0.9515117887450582,-1.0352550117176738,-0.16403455190982139,-0.4821508376127962,1.0556450718354926,0.0,1.0,0.0,0.0,1.0
0.5311761409645969,0.14972718268201757,-0.6784660793639965,-0.20996900655794803,-0.6539539227087733,0.0,1.0,0.0,0.0,0.0
1.5409082591560268,-1.1886107735107159,-0.2350706799846491,0.6190927610589584,-0.11312796858896876,1.0,0.0,0.0,0.0,1.0
0.5669927531617989,0.9967667248594293,-1.3914976703856314,-0.23998685478839887,-0.8011016274057614,1.0,0.0,0.0,0.0,1.0
1.7406811241244313,0.09581900295979791,-0.5699009859233564,0.9998657906128602,-0.35483473552358413,1.0,0.0,0.0,0.0,1.0
1.1349602156187961,0.07425253286921275,-0.5701808157949343,0.11422061456406768,0.2912617969377223,1.0,0.0,0.0,0.0,1.0
-1.4395655903799223,0.2504398511691741,-1.8468048897796128,-0.5029859007826053,-0.16018509651086066,1.0,0.0,0.0,0.0,1.0
0.3466813741439281,-1.0749070201937823,0.12064738739338443,-0.28214737715763394,0.6357440776637566,0.0,1.0,0.0,0.0,0.0
-0.9952199622752753,-1.063872082433672,0.22354814633615191,-0.4843648980606393,0.6266762541553156,0.0,1.0,0.0,0.0,1.0
1.4897397935958234,-0.03318461007821638,1.562499191338463,3.71559560793883,0.30474275804412154,0.0,0.0,0.0,0.0,0.0
-0.392067834228018,-0.6365310318944697,0.10979269320875798,-0.43713160850665267,-0.23690871989833356,0.0,1.0,0.0,0.0,0.0
0.021525354338999422,0.3397094394072585,-0.8226955294094059,-0.391790055939456,-1.0675413197301649,1.0,0.0,0.0,0.0,0.0
0.49793545041704185,0.6378037248129184,0.6324031315749703,0.4909589485099686,-1.0804681575231323,0.0,0.0,0.0,0.0,1.0
0.3157323680538558,-2.401781190003387,-0.06887501038044228,-0.2924796592475685,-0.43650464945686596,0.0,1.0,0.0,0.0,1.0
0.8262116678388377,-0.09190492916857612,0.03796475241765534,-0.04598092938770061,0.6187915843088372,0.0,1.0,0.0,0.0,0.0
0.3886224560960949,0.35278489583501704,-0.11375072572959058,-0.2673869741720131,-0.7817743833990161,0.0,1.0,0.0,0.0,1.0
0.5010556480339079,-0.3335303813782619,-1.4827490147232634,-0.26528738831357507,-1.418774876612845,1.0,0.0,0.0,0.0,1.0
1.6482443243904525,-0.46860658013871437,0.06160710156365065,0.8099852865064128,-0.19898986550791206,1.0,0.0,0.0,0.0,0.0
-0.49349045990923707,-0.9661843767827383,-0.7301098344560383,-0.44820191074586835,-0.21369990562316915,0.0,1.0,0.0,0.0,1.0
-0.8114022671694724,1.0588781703275463,0.08532316889615615,-0.3665438964490195,-0.42257953249911756,0.0,0.0,0.0,0.0,1.0
-0.8114022671694724,0.9041639218028874,0.33880331989650697,-0.48034192327757264,-0.14407315183929237,1.0,0.0,0.0,0.0,1.0
0.4281655599916687,0.6272998963374321,-1.9844238011862902,-0.29058792183875126,-0.793921023605104,1.0,0.0,0.0,0.0,0.0
-1.0919095069407967,0.5597452984534406,-1.0960078194153917,-0.49299219004016076,1.067805315377641,1.0,0.0,0.0,0.0,1.0
-0.13284891955097974,0.36498087246313343,-0.6590316092562208,-0.11299485890940163,-1.561923312559705,0.0,0.0,0.0,0.0,1.0
2.6995543349268907,-0.5144111544644494,0.3422322430484268,5.552696798468314,0.22081475690832802,1.0,0.0,0.0,0.0,0.0
-0.7047583640504839,-1.4303720305855006,-0.11701406416727343,-0.4740167898962786,-0.509612639476947,1.0,0.0,0.0,0.0,0.0
0.11821489900452072,0.09363121522583927,0.5173412815913583,0.06448946736833107,0.09961951914911694,0.0,0.0,0.0,0.0,1.0
-0.7454651620415813,1.5706488985786133,-0.24754656486702242,-0.3513309541966424,-0.8058448850899274,0.0,0.0,0.0,0.0,1.0
-0.44702350280633113,0.36153563509161474,-0.48007918153764056,-0.26106749683253844,0.19996369467754496,0.0,0.0,0.0,0.0,0.0
1.0543402597106404,0.9156175277540406,1.1449272563571913,1.7379131151298095,1.4315852343711435,0.0,0.0,0.0,0.0,0.0
1.6804276144415948,0.7800899348248908,0.9506607275858959,0.8732366203193532,0.32650626568927493,1.0,0.0,0.0,0.0,1.0
-0.9375352330508174,-0.4692598797639866,-0.11832201810924618,-0.3918988002029813,-1.342416500971299,0.0,0.0,0.0,0.0,1.0
-0.9952199622752753,-1.5018384081334952,-0.3011721533115473,-0.4843648980606393,1.9554341911902524,0.0,1.0,0.0,0.0,1.0
0.2904051611372734,-0.6500198434542833,-0.9486660836274576,-0.30059788088965994,0.24583548897564217,0.0,1.0,0.0,0.0,0.0
-0.9657765410594515,-3.0537255538902603,2.1673045724612905,-0.48288885776207724,1.3299715046013014,0.0,1.0,0.0,0.0,0.0
2.1596748346043313,-0.4228138880521327,0.47232212344565655,2.263627440195411,-0.11807917405813476,1.0,0.0,0.0,0.0,0.0
0.5669927531617989,-0.4531814957894468,0.9604051624591021,-0.1935849592439089,1.8054697545333798,0.0,1.0,0.0,0.0,0.0
1.7959982991794998,0.6022196636654729,1.311855489562846,1.126241955571115,-0.022226729806417187,1.0,0.0,0.0,0.0,0.0
0.05527916941574879,-1.3540109466230228,0.059375530648805325,-0.3633295935785485,-1.2698660428740633,0.0,1.0,0.0,0.0,0.0
-1.2909325608643802,0.1273271073118362,0.3351315755067311,-0.44260860771090493,-0.507547548554186,0.0,0.0,0.0,0.0,0.0
-1.2909325608643802,0.8471297070841395,-0.6911607960967032,-0.4993173234214548,-0.14407329953197348,1.0,0.0,0.0,0.0,1.0
-1.1686537329549955,-0.23001379274758912,1.4721257655329716,-0.3411889975666176,0.2458350957904872,0.0,0.0,1.0,0.0,0.0
-0.6123792132458882,0.1889422423231354,-1.1804751388155477,-0.3158340889410959,-0.5631339729811581,0.0,0.0,0.0,0.0,0.0
0.19769090934445038,-1.9564496862037675,-0.04164053111154018,-0.35510428232795055,-0.1042865304596783,1.0,0.0,0.0,0.0,0.0
1.556805780089246,0.6959992326097014,-0.06331404909082938,0.8396432497495494,-1.1652627092233618,0.0,1.0,0.0,0.0,0.0
0.08746245946689045,0.04089679269741009,0.398374813830014,-0.35594939208573806,-0.2940383764815481,0.0,1.0,0.0,0.0,0.0
-0.7454651620415813,1.5706488985786133,-0.24754656486702242,-0.3513309541966424,-0.8058448850899274,0.0,0.0,0.0,0.0,1.0
-0.6123792132458882,0.757269195347102,0.9208262972886718,-0.3158340889410959,-0.9000186566382739,0.0,0.0,0.0,0.0,1.0
1.3164680054845925,0.20042634383378116,1.0933301662515218,0.44111236913778695,-1.1874908987591752,0.0,1.0,0.0,0.0,0.0
-1.2549859833285295,0.3902236118464822,2.0817649029703458,-0.36206833290343204,0.5057743654641137,0.0,0.0,1.0,0.0,0.0
-1.0073573959914144,-0.788470511498673,-0.3377421803520075,-0.40406915400488297,0.8306974545760518,0.0,0.0,0.0,0.0,0.0
-1.025972401812905,0.8067212190162751,-0.9675172199474187,-0.40711174245535836,0.02303055213305317,0.0,0.0,0.0,0.0,0.0
0.254302223339333,0.4319045004589887,1.520772449230059,-0.3411889888891036,-0.6082503450999003,1.0,0.0,0.0,0.0,0.0
-1.0919095069407967,0.095403028956672,-1.916733490899198,-0.49299219004016076,0.005891727312818391,1.0,0.0,0.0,0.0,1.0
0.21464283807922496,0.6782265249238537,1.505872468778488,-0.32318129745765983,0.5870053780502908,0.0,1.0,0.0,0.0,0.0
0.05131459709497589,0.6826431176534973,1.1429497100183794,-0.3642152177576857,0.5840695538977856,0.0,1.0,0.0,0.0,0.0
0.791333495300885,-0.7960202682575704,-0.08168134141187082,-0.06920347140497793,1.707992695122626,0.0,1.0,0.0,0.0,1.0
-1.0919095069407967,1.5613146564043952,-0.09642630518555403,-0.41725370395694306,0.15585638507157168,0.0,0.0,0.0,0.0,1.0
-0.7047583640504839,0.712260903396652,-0.8010357201462226,-0.4740167898962786,-1.207460598952633,1.0,0.0,0.0,0.0,0.0
2.793749260207323,-0.04204016473067623,0.5566112329818114,6.438215471849482,-0.15358306874218383,1.0,0.0,0.0,0.0,0.0
-0.4268916464796602,0.560799319547335,1.9350517627794794,0.0008344003316753181,-0.041465793554162696,0.0,0.0,1.0,0.0,0.0
-0.458004939355909,-0.5930784304781962,-0.6423093931626914,-0.4550413897523965,-0.1707793475730891,1.0,0.0,0.0,0.0,1.0
-0.7047583640504839,-0.7587883637581281,-0.8010357201462226,-0.3411889926950577,-0.6379575087549842,0.0,0.0,0.0,0.0,1.0
0.14765832022034447,-0.38146060594328873,-0.8319573353568195,-0.34118898910011725,-0.004820245591725093,0.0,1.0,0.0,0.0,0.0
0.49758789151665517,1.403642543151763,0.19777627945273035,-0.2665524149898339,-0.3390278269698006,1.0,0.0,0.0,0.0,1.0
1.5790049887603752,-1.2913514455916815,1.216785766101306,0.6834826188805319,0.65867993771077,1.0,0.0,0.0,0.0,1.0
-0.014688777104919967,0.05532409427302521,0.27487353186908936,-0.37823760059402556,-0.8339117881084469,0.0,1.0,0.0,0.0,1.0
0.14765832022034447,0.9331334102692026,-1.710974342412533,-0.36648952241427984,-0.8514296742623272,1.0,0.0,0.0,0.0,1.0
1.1209836599245548,-1.2693507665127641,0.08877881821756925,0.20494592136785353,0.7223906647828995,0.0,1.0,0.0,0.0,0.0
-1.0919095069407967,-0.322484459930974,-1.9406490841001558,-0.4887930189563256,0.09961978024866062,0.0,1.0,0.0,0.0,0.0
-0.33187197347456393,-1.1816341204924927,2.167304687182469,-0.2144144739252487,0.6586787234629038,0.0,0.0,0.0,0.0,1.0
-0.013960166214328612,0.6625317539277807,-0.23008455944068615,-0.03693014764751613,2.083976354722717,0.0,0.0,0.0,0.0,1.0
-1.1647995949830356,-0.49785670254489656,-0.3481449426843827,-0.42739566545852786,-0.8867564682185206,0.0,0.0,0.0,0.0,0.0
-0.9375352330508174,-0.636072416198972,-1.1746497910510063,-0.3918988002029813,-0.46144073281877546,0.0,0.0,0.0,0.0,0.0
1.7683664962956605,1.3348678741436317,1.1687188714018761,1.0618520977495416,0.0260212827426288,1.0,0.0,0.0,0.0,1.0
0.7084165241621108,0.6646687793952463,0.725238247702158,-0.11993054834566098,0.4585128101918904,0.0,1.0,0.0,0.0,0.0
-0.5008113322109677,-1.1858082594656973,-0.9674346015239079,-0.28033722368554936,-0.8325736642863333,0.0,0.0,0.0,0.0,1.0
0.081778864021837,-2.076614121194444,-0.7366865164941651,-0.35727782835444394,-0.7084148248141001,0.0,1.0,0.0,0.0,0.0
0.655429921923887,-0.7647025970259304,-0.4943702484128812,-0.2020360545006346,-0.3297439862088373,1.0,0.0,0.0,0.0,1.0
-0.059094601569155664,-0.2646048338023504,-0.3659334513280914,-0.4057053493783029,-1.0355730050539245,1.0,0.0,0.0,0.0,1.0
-0.6123792132458882,-1.0082076048394935,-1.4842097702531802,-0.4676916565149845,-0.5678870486301694,1.0,0.0,0.0,0.0,0.0
-0.6123792132458882,-0.06067110945562645,0.2093171875820992,-0.4676916565149845,2.7229004004897064,1.0,0.0,0.0,0.0,1.0
-0.2057390075932189,0.7315683626867043,0.13813415252639888,-0.41203892343109727,0.6057508582307622,0.0,1.0,0.0,0.0,0.0
1.8472673783140374,0.4087560260093273,0.1752135720406084,1.5481425930593498,-0.5859696752853003,0.0,1.0,0.0,0.0,1.0
-1.1647995949830356,-0.49785670254489656,-0.3481449426843827,-0.42739566545852786,-0.8867564682185206,0.0,0.0,0.0,0.0,0.0
0.0011660329287086952,-1.5044973964865351,-0.18107552922006634,-0.026281088070852197,0.7793946273866381,0.0,0.0,0.0,0.0,0.0
0.9805859417288163,0.729961619126481,-1.321573556093298,-0.012282053061813314,-1.0497666273223027,1.0,0.0,0.0,0.0,0.0
-0.458004939355909,0.8505623775953088,1.4056835037834092,-0.4550413897523965,0.19497760124758967,1.0,0.0,0.0,0.0,1.0
-1.173969003965992,0.669695234774116,-0.7799652323387727,-0.42859748789646557,-0.9148229864541626,0.0,0.0,0.0,0.0,1.0
-0.13284891955097974,0.36498087246313343,-0.6590316092562208,-0.11299485890940163,-1.561923312559705,0.0,0.0,0.0,0.0,1.0
-0.013960166214328612,1.030099190052731,1.9389708378451929,-0.3981151893207501,3.3051157937875586,1.0,0.0,0.0,0.0,1.0
-1.3386629316353715,0.6359990127278806,-1.113728602821029,-0.5005823500977136,3.3051157937875586,1.0,0.0,0.0,0.0,0.0
-1.0386666291016906,-0.6697424971316654,-1.7404674082678588,-0.48643135447862623,-0.2194698308525945,0.0,1.0,0.0,0.0,1.0
0.5010556480339079,-1.1379089772313686,0.646094028055662,-0.2231057652151506,-0.9277767134864888,0.0,1.0,0.0,0.0,0.0
-0.8114022671694724,0.3956870517965821,-0.4461331171417653,-0.48034192327757264,0.18372620134015122,1.0,0.0,0.0,0.0,1.0
-1.6443298886779443,-1.3720217520797722,1.7064850597068348,-0.4730344922156591,1.3769992822135098,0.0,0.0,0.0,0.0,1.0
-0.6298944773036746,-0.6846903424155311,-0.7800098873386946,-0.3209050696918882,-0.49399126631074947,0.0,0.0,0.0,0.0,0.0
-0.8114022671694724,-0.15234437606847928,-1.4848187635178907,-0.3665438964490195,0.5924211371079204,0.0,0.0,0.0,0.0,1.0
-0.11072253744728065,-0.091296927680222,2.167304708046272,-0.39639289626633917,-0.04659632381373901,0.0,1.0,0.0,0.0,0.0
0.20303314420479715,-3.537510897668216,-0.019582907020271958,-0.32642858611449643,1.9749946201088384,0.0,1.0,0.0,0.0,0.0
2.440276445089909,-0.45413155928377236,0.3421285267331305,3.655156784080101,0.4249324942354263,1.0,0.0,0.0,0.0,0.0
-1.2682480375632676,0.29215935445829155,-0.38172577605853164,-0.4400731173355087,-0.8358467606602109,0.0,0.0,0.0,0.0,1.0
-0.458004939355909,1.888332711799272,-0.1160340806483686,-0.26512428143317235,-0.3390275637814732,0.0,0.0,0.0,0.0,0.0
0.9164797240832191,-0.9564344589750413,0.34471512300731616,0.01985046792816834,-0.5842928247574639,0.0,1.0,0.0,0.0,0.0
0.3020325941103236,-0.34229600434058916,1.026206455905183,0.2419737936460636,-0.8681893465824077,0.0,0.0,0.0,0.0,0.0
1.4601162354237247,-0.1265546813718733,-0.11389329532089174,0.49372861744171037,-0.1440732072240502,1.0,0.0,0.0,0.0,0.0
-1.1273950274941247,-0.17539640056967878,0.48893608455898163,-0.49026905925488773,0.17036946982946177,0.0,1.0,0.0,0.0,1.0
0.9559384910316354,0.359347231055699,-0.6847346913474595,0.051437730317396915,-0.8623260632838418,0.0,1.0,0.0,0.0,1.0
1.5328592969488017,-0.11958811155110816,1.0261995368764436,0.793443188404556,-0.5270191625457219,0.0,1.0,0.0,0.0,1.0
0.1675476236514691,0.7159113704838629,1.1259223134815526,0.1075928037500661,-0.10508232616484768,0.0,0.0,0.0,0.0,0.0
1.9815876110708,1.0345051737405235,1.2982898628340438,1.632252626074639,0.4906618996497005,1.0,0.0,0.0,0.0,1.0
0.05527916941574879,-1.2205375194978239,-0.4797784371347561,-0.3633295935785485,-0.37466427284763304,0.0,1.0,0.0,0.0,0.0
-0.8114022671694724,0.8259690373839802,-1.0293695999788406,-0.3665438964490195,-0.3279924010696083,0.0,0.0,0.0,0.0,1.0
0.46191937506841746,0.7365843209491901,0.7981643730685891,0.4397420429269658,-0.5443105841969826,0.0,0.0,0.0,0.0,1.0
1.8715441140018994,-0.32369963951820035,0.41287013672790296,1.6219446079874533,-0.40841807465625646,0.0,1.0,0.0,0.0,0.0
0.573253573960711,-1.045661329032623,0.8919873693530299,-0.19063287864678474,0.47407441697443353,0.0,1.0,0.0,0.0,0.0
0.4281655599916687,-0.3584777169989207,1.8140335850053595,-0.25262657118639226,-0.7533055943122118,0.0,1.0,0.0,0.0,1.0
-0.7087229363712562,-0.6154241850419249,-0.8101690753395275,-0.34220318884521617,-0.7785400127119435,0.0,0.0,0.0,0.0,1.0
2.374320466848989,0.37752888554254893,1.026491818072323,3.275648781202458,-0.7025910448142394,1.0,0.0,0.0,0.0,0.0
-0.8348559022526012,2.0572994202948016,-0.3664215113456645,-0.37161487719981184,2.0964469050302794,0.0,0.0,0.0,0.0,0.0
0.254302223339333,1.7716661311926232,-0.7952089022172993,-0.3411889888891036,-0.8918433271347487,1.0,0.0,0.0,0.0,1.0
0.09434625732426177,0.014402873943753156,0.7721376004810895,-0.3543257477573198,-0.07684804986825623,0.0,1.0,0.0,0.0,0.0
0.08746245946689045,0.45220153823324394,0.21652709243287258,-0.35594939208573806,1.1962373589836837,0.0,1.0,0.0,0.0,0.0
1.5020573173758915,-0.9299510845784787,0.028681583167482094,0.5569799512546509,-0.194710629835552,1.0,0.0,0.0,0.0,0.0
-0.6478647337992162,-0.021575260520534156,2.050026732250618,-0.4622242935822081,1.9005695630192116,0.0,1.0,0.0,0.0,0.0
1.8472673783140374,0.7800899348248908,0.8804895246797008,1.252744623196996,0.4906618996497005,1.0,0.0,0.0,0.0,1.0
-0.6123792132458882,0.9008623343516904,-0.7384984139700772,-0.3158340889410959,0.5648518278213901,0.0,0.0,0.0,0.0,0.0
-0.7864896711641731,0.2018537172810954,2.1673046161797216,-0.4724089716422864,-0.7939223955047257,0.0,1.0,0.0,0.0,0.0
-1.0919095069407967,-0.9770451710655886,-0.5754473561149991,-0.49299219004016076,-0.6003495401471918,1.0,0.0,0.0,0.0,0.0
0.20303314420479715,0.30958097227314574,0.5697671420582078,0.14055417863021658,0.033156320765041346,0.0,0.0,0.0,0.0,0.0
2.3243472738660076,0.1502859906854882,-0.26988306457475686,3.5999862120905015,-0.23268873905202853,0.0,1.0,0.0,0.0,0.0
-1.1533643598099907,0.4319045004589887,-1.008655647591608,-0.42587437123329014,-0.7693985122787481,0.0,0.0,0.0,0.0,1.0
-0.6123792132458882,0.9008623343516904,-0.7384984139700772,-0.3158340889410959,0.5648518278213901,0.0,0.0,0.0,0.0,0.0
1.1349602156187961,-0.3897366582394484,-0.031490896816804115,0.21970632435347434,0.061141570049574503,0.0,1.0,0.0,0.0,0.0
0.781332244036912,0.13908297139457346,-0.11489144067797007,-0.13891122335531997,-0.21223900430446396,1.0,0.0,0.0,0.0,0.0
1.1349602156187961,-0.8082155306698529,0.8636582478381417,0.11422061456406768,-0.5010318105056202,1.0,0.0,0.0,0.0,0.0
1.2610931815001398,-1.5433116611392734,0.3422778720293782,0.3673103542096828,1.7415507386753684,0.0,1.0,0.0,0.0,0.0
-0.8920222230776275,0.9719235963984437,1.457642935421117,-0.4845165113092267,-0.3780184939041836,1.0,0.0,0.0,0.0,0.0
1.8216462965864297,0.7045149157674673,0.2926556714269807,1.1883547653754225,-0.4985356114597628,1.0,0.0,0.0,0.0,1.0
-0.17381781869189505,0.7659745487536025,1.4264057210068761,-0.40702038641598615,-0.07186792627264232,0.0,1.0,0.0,0.0,0.0
-0.7047583640504839,-1.6079401913123559,-0.6237531324372777,-0.3411889926950577,0.00865614003397966,0.0,0.0,0.0,0.0,1.0
0.8474999929331231,0.6886481673616701,1.2760240512833647,1.1547503287886882,-0.4560001825897859,0.0,0.0,0.0,0.0,0.0
1.7959982991794998,1.3141377290583,1.9983251703160247,1.126241955571115,0.6057513196610989,1.0,0.0,0.0,0.0,1.0
-0.859132637940463,-0.19206834764883327,-1.5456874884583596,-0.48287197663009024,-0.8339117881084469,1.0,0.0,0.0,0.0,0.0
-0.458004939355909,-0.12427567532741694,0.026995231790726146,-0.4445118099994631,0.43552042742051084,0.0,1.0,0.0,0.0,0.0
-0.6681865573923937,-1.139178581909111,0.0069918114974882066,-0.3315541292685522,1.6002552103393435,0.0,0.0,0.0,0.0,0.0
0.680164535942954,-2.028059426968866,0.41849555350263096,-0.1358717835701315,-1.1288942195429346,0.0,1.0,0.0,0.0,0.0
-1.0919095069407967,0.4749842173702631,-0.5754473561149991,-0.4887930189563256,-0.2659196846416819,0.0,1.0,0.0,0.0,0.0
1.283777704801253,0.6431100376960905,0.3244751296915133,0.3968311601809245,-0.8715149185497028,0.0,1.0,0.0,0.0,0.0
-0.18119725907826342,0.6223204943501351,1.8803794916615924,-0.42392173351642976,-0.47512772057677594,1.0,0.0,0.0,0.0,1.0
1.9815876110708,0.8595274015097056,0.7073708560362288,1.632252626074639,1.227827807777479,1.0,0.0,0.0,0.0,1.0
-1.0581556918640471,1.6357856482079505,-1.0228908374817158,-0.41218272320615074,0.7137257247591132,0.0,0.0,0.0,0.0,1.0
0.5790906182476446,0.5107622016430868,0.22359275009212917,-0.18785644684518948,0.008234944283708278,0.0,1.0,0.0,0.0,1.0
-0.5308950273981481,0.9008623343516904,-0.8179102757493851,-0.29047918518713406,0.3689646637915333,0.0,0.0,0.0,0.0,0.0
-0.49203553618336693,-0.6614688946945465,-0.22563434296802565,-0.4480543067160121,-0.7364759039708209,0.0,1.0,0.0,0.0,0.0
-0.6123792132458882,-1.4490753574054567,-0.983734681367388,-0.4676916565149845,-0.9069381576871021,1.0,0.0,0.0,0.0,1.0
1.3668470346371635,-0.3900149325176181,-0.16323477932790045,0.5135859477971851,-1.380369185902376,0.0,1.0,0.0,0.0,0.0
-1.0919095069407967,0.13908297139457346,-1.4860373596440766,-0.41725370395694306,-0.270666996851735,0.0,0.0,0.0,0.0,0.0
-0.7539020468077344,0.4911963697947971,-1.2534004645643857,-0.3533593464969594,-0.22644818371242276,0.0,0.0,0.0,0.0,0.0
1.367737084619129,-0.40213171962201566,-0.26598330513118423,0.514914384065891,-0.1440732749165279,0.0,1.0,0.0,0.0,0.0
0.682563437899705,-0.3022717029584437,0.36904609924569604,-0.13454334730142556,-0.918012578292564,0.0,1.0,0.0,0.0,1.0
-1.1882532300661646,-0.5668969671356013,-1.6047709771570375,-0.49628125939843365,5.704532527300905,1.0,0.0,0.0,0.0,1.0
0.20303314420479715,1.8919073449234332,-0.41280549122589033,-0.3538392556516917,-0.971961561719511,1.0,0.0,0.0,0.0,1.0
-0.22522807035557543,-0.4018465266999495,-0.40048753696399414,-0.41499100402822137,-1.367579879046528,0.0,1.0,0.0,0.0,1.0
-1.0919095069407967,0.5597452984534406,-1.0960078194153917,-0.49299219004016076,1.067805315377641,1.0,0.0,0.0,0.0,1.0
0.7815628878052314,0.29798920369379023,-0.1141309621053548,-0.13878472068769415,-0.6217758972824409,1.0,0.0,0.0,0.0,0.0
-0.8324744335440899,-0.33576956318341256,1.3960595346131144,-0.37110777912473264,1.8054692129938004,0.0,0.0,0.0,0.0,1.0
-0.6478647337992162,0.02973302638446139,-1.2413438637560164,-0.32597605044268063,-0.5678875461505397,0.0,0.0,0.0,0.0,1.0
0.25922620125526497,-1.0907828182938892,0.5283471956491361,0.1963349668889324,0.855272750966339,0.0,0.0,0.0,0.0,0.0
-1.0919095069407967,-0.38585721350480695,-0.5754473561149991,-0.49299219004016076,-0.6612990675029842,1.0,0.0,0.0,0.0,0.0
0.8483380499425363,0.6131924856348892,0.8119723652129902,1.1567787210890048,2.0757042246567865,0.0,0.0,0.0,0.0,0.0
2.3510744076968075,0.8130510200703985,1.3852062512118102,3.15028463758521,0.4431386907502082,1.0,0.0,0.0,0.0,0.0
1.4528137622384076,-0.5144111544644494,1.2164657507838934,0.4831023933611365,1.8054675883759626,1.0,0.0,0.0,0.0,1.0
0.28805603841608235,1.820610466105209,0.28696289840587164,0.22676085139368654,-1.0615055520498147,0.0,0.0,0.0,0.0,0.0
-0.8091000488163571,-1.1000895310960772,2.1673046112742274,-0.21989000180036256,0.7516625865863454,0.0,0.0,1.0,0.0,0.0
0.36796969923821465,-0.2916689149434136,0.2919512821791749,-0.2747671756648235,0.14969356881575774,0.0,1.0,0.0,0.0,1.0
-1.2909325608643802,0.9129277261598537,-1.7150516744317912,-0.44260860771090493,-0.05123774520399619,0.0,0.0,0.0,0.0,0.0
0.08746245946689045,0.5916823345128255,-1.5590402500739533,-0.3791397891768679,-1.418774876612845,1.0,0.0,0.0,0.0,1.0
-1.3899320107699074,-1.0220469416017595,-1.8057047914097417,-0.45275056921248963,0.03315777083732468,0.0,0.0,0.0,0.0,1.0
0.5669927531617989,0.9966663229432916,-1.3914976703856314,-0.23998685478839887,-0.840338696348584,1.0,0.0,0.0,0.0,1.0
0.254302223339333,1.5851272652077384,-0.2602265297053352,-0.3411889888891036,-1.1701487913418096,1.0,0.0,0.0,0.0,1.0
-0.8114022671694724,-0.22941043958981977,-1.0169565400915064,-0.3665438964490195,-0.7334700586405756,0.0,0.0,0.0,0.0,1.0
-0.7047583640504839,-0.7712912227332586,-0.8010357201462226,-0.3411889926950577,-0.05931037583142255,0.0,0.0,0.0,0.0,0.0
2.0940208030086116,0.9314935936023531,1.2548460705925188,2.011760628952282,-0.2069617180372336,1.0,0.0,0.0,0.0,1.0
1.6005139536194632,0.6024057994256252,1.2845456757021112,0.9282056676632743,-0.4225794508855821,0.0,1.0,0.0,0.0,0.0
-1.0919095069407967,1.1942594166944518,0.6415150414868591,-0.41725370395694306,-0.7100697521356154,0.0,0.0,0.0,0.0,0.0
-0.13284891955097974,-2.6537414055509796,0.6453327731107396,-0.4002306010426006,-0.8783169465365457,0.0,1.0,0.0,0.0,0.0
0.021525354338999422,0.5929360000534541,0.6639513980651807,-0.370709795071359,-1.2915188539878248,0.0,1.0,0.0,0.0,1.0
-0.7887177438683591,2.3152224893853526,-1.3878831456421699,-0.4790768966013138,0.2872417943968023,1.0,0.0,0.0,0.0,1.0
-1.2682480375632676,0.7225199343804652,-0.6339914871946498,-0.4400731173355087,-0.12355169739808143,0.0,0.0,0.0,0.0,1.0
0.5977451926994292,-1.2948249891370596,0.22792275127769213,-0.2273365880258108,0.024784957076541488,1.0,0.0,0.0,0.0,1.0
-1.6443298886779443,0.42990202297468416,-1.5811230997276555,-0.5069074834790076,-0.3457500537462447,1.0,0.0,0.0,0.0,1.0
-0.13284891955097974,0.5913779351234092,-0.5713311425592301,-0.4170905894646322,-0.5428433941570111,1.0,0.0,0.0,0.0,0.0
-0.458004939355909,-1.0827810483337728,-0.6423093931626914,-0.26512428143317235,0.336983163274607,0.0,0.0,0.0,0.0,1.0
0.06833268831306169,-1.2435545015458183,0.4756450008491916,-0.36037751298142434,0.43552042742051084,0.0,1.0,0.0,0.0,0.0
0.3449496686673494,-0.15079950955247842,1.6499780945001012,-0.2827377932770588,-0.031726479770284956,0.0,1.0,0.0,0.0,0.0
0.3466813741439281,-0.17720116345029546,0.03760974002493486,-0.31588845536392746,0.8306964798054297,1.0,0.0,0.0,0.0,0.0
-1.0581556918640471,-0.9788787833815981,-0.48402228851384815,-0.41218272320615074,-0.08118460131736702,0.0,0.0,0.0,0.0,1.0
0.7815628878052314,1.2418356558465988,-0.6824444033704979,-0.13878472068769415,-0.7174683416672812,1.0,0.0,0.0,0.0,1.0
-0.4047620615168031,1.0955829853551937,1.0204407095011998,-0.43860764880521474,-0.1025937715608684,0.0,1.0,0.0,0.0,0.0
0.8220917673832663,0.28193089124764714,0.34504513770028766,-0.04878540595496851,0.9142499362752454,0.0,1.0,0.0,0.0,0.0
0.655429921923887,1.5640609565916657,1.061003215500973,-0.2020360545006346,-1.0227407265506314,1.0,0.0,0.0,0.0,0.0
-0.9104017170749988,-0.24038535541716394,-0.7044103173161446,-0.3868278194521889,1.0556456774626677,0.0,0.0,0.0,0.0,1.0
-0.0376649597597076,-0.08316142808783156,-0.5751212355433302,-0.40216327468477825,-0.3677914328444758,1.0,0.0,0.0,0.0,0.0
0.7196037958636635,0.5171743823039652,0.7364349084986086,-0.11343597103198777,-0.22419132958079419,0.0,1.0,0.0,0.0,0.0
0.08746245946689045,-0.24534259458090227,0.9499302341008528,0.03913456361436929,-0.5454497343679383,0.0,0.0,0.0,0.0,0.0
-0.26071359090890345,-0.7101234521521113,-0.3617581072535687,-0.4201571450731887,6.094459101408117,0.0,1.0,0.0,0.0,1.0
-0.8277359494256491,0.04019913891069943,0.27480577257570193,-0.4750658441796982,-0.5339821190839988,0.0,1.0,0.0,0.0,0.0
0.5574939864117704,-0.4055669591256745,0.6229488008500743,-0.19801308013959515,-0.8492272920585149,0.0,1.0,0.0,0.0,0.0
-0.13284891955097974,1.079365415392009,0.4199633991360557,-0.11299485890940163,-0.20461796128190937,0.0,0.0,0.0,0.0,1.0
0.5669927531617989,-1.20286729037169,0.1138414571212945,-0.1935849592439089,3.023932540244362,0.0,1.0,0.0,0.0,0.0
-0.8114022671694724,-0.13727594427755432,-0.44334531591664655,-0.3665438964490195,0.09158590142844404,0.0,0.0,0.0,0.0,1.0
-0.9375352330508174,-0.29510136543400184,-0.49836945471423855,-0.48666705665886667,-0.0660915208129152,1.0,0.0,0.0,0.0,0.0
-0.4876890340744802,0.8107874930424086,0.7249205653461086,-0.38557199491204514,-0.18229947890771506,0.0,0.0,0.0,1.0,1.0
-0.4719814950501503,-0.03670777609323196,-1.2788120790220419,-0.4563064164286553,-1.2137342659917802,1.0,0.0,0.0,0.0,0.0
-0.13284891955097974,1.2921119680520539,0.036899359993823884,-0.4170905894646322,0.38080370816934567,1.0,0.0,0.0,0.0,1.0
0.682563437899705,-0.7247190496073197,0.08572232843558694,-0.13454334730142556,-0.8157646872614135,0.0,1.0,0.0,0.0,0.0
0.14765832022034447,0.20892927483267704,0.6525314121200878,-0.34118898910011725,1.8054682382229357,0.0,1.0,0.0,0.0,0.0
